Datetime,Close
2025-11-10 14:30:00+00:00,68.54499816894531
2025-11-10 14:31:00+00:00,68.5
2025-11-10 14:32:00+00:00,68.5
2025-11-10 14:33:00+00:00,68.45999908447266
2025-11-10 14:34:00+00:00,68.4800033569336
2025-11-10 14:35:00+00:00,68.47000122070312
2025-11-10 14:36:00+00:00,68.45999908447266
2025-11-10 14:37:00+00:00,68.48999786376953
2025-11-10 14:38:00+00:00,68.48999786376953
2025-11-10 14:39:00+00:00,68.5
2025-11-10 14:40:00+00:00,68.5250015258789
2025-11-10 14:41:00+00:00,68.51000213623047
2025-11-10 14:42:00+00:00,68.5
2025-11-10 14:43:00+00:00,68.5199966430664
2025-11-10 14:44:00+00:00,68.51000213623047
2025-11-10 14:45:00+00:00,68.51000213623047
2025-11-10 14:46:00+00:00,68.5
2025-11-10 14:47:00+00:00,68.50499725341797
2025-11-10 14:48:00+00:00,68.51000213623047
2025-11-10 14:49:00+00:00,68.50499725341797
2025-11-10 14:50:00+00:00,68.5
2025-11-10 14:51:00+00:00,68.50499725341797
2025-11-10 14:52:00+00:00,68.5
2025-11-10 14:53:00+00:00,68.50499725341797
2025-11-10 14:54:00+00:00,68.5
2025-11-10 14:55:00+00:00,68.50499725341797
2025-11-10 14:56:00+00:00,68.5
2025-11-10 14:57:00+00:00,68.5
2025-11-10 14:58:00+00:00,68.50499725341797
2025-11-10 14:59:00+00:00,68.50499725341797
2025-11-10 15:00:00+00:00,68.50499725341797
2025-11-10 15:01:00+00:00,68.5
2025-11-10 15:02:00+00:00,68.51000213623047
2025-11-10 15:03:00+00:00,68.50499725341797
2025-11-10 15:04:00+00:00,68.5
2025-11-10 15:05:00+00:00,68.5
2025-11-10 15:06:00+00:00,68.48500061035156
2025-11-10 15:07:00+00:00,68.5
2025-11-10 15:08:00+00:00,68.4800033569336
2025-11-10 15:09:00+00:00,68.48500061035156
2025-11-10 15:10:00+00:00,68.4800033569336
2025-11-10 15:11:00+00:00,68.4749984741211
2025-11-10 15:12:00+00:00,68.47000122070312
2025-11-10 15:14:00+00:00,68.4800033569336
2025-11-10 15:15:00+00:00,68.48500061035156
2025-11-10 15:16:00+00:00,68.4800033569336
2025-11-10 15:17:00+00:00,68.4800033569336
2025-11-10 15:18:00+00:00,68.4749984741211
2025-11-10 15:20:00+00:00,68.47000122070312
2025-11-10 15:21:00+00:00,68.46499633789062
2025-11-10 15:22:00+00:00,68.44999694824219
2025-11-10 15:23:00+00:00,68.44999694824219
2025-11-10 15:27:00+00:00,68.44999694824219
2025-11-10 15:28:00+00:00,68.45999908447266
2025-11-10 15:29:00+00:00,68.44999694824219
2025-11-10 15:30:00+00:00,68.44499969482422
2025-11-10 15:31:00+00:00,68.45500183105469
2025-11-10 15:32:00+00:00,68.44999694824219
2025-11-10 15:33:00+00:00,68.47000122070312
2025-11-10 15:35:00+00:00,68.48999786376953
2025-11-10 15:36:00+00:00,68.48500061035156
2025-11-10 15:38:00+00:00,68.4800033569336
2025-11-10 15:39:00+00:00,68.49500274658203
2025-11-10 15:41:00+00:00,68.49500274658203
2025-11-10 15:42:00+00:00,68.5
2025-11-10 15:44:00+00:00,68.51000213623047
2025-11-10 15:45:00+00:00,68.50499725341797
2025-11-10 15:47:00+00:00,68.5
2025-11-10 15:48:00+00:00,68.5
2025-11-10 15:49:00+00:00,68.50499725341797
2025-11-10 15:50:00+00:00,68.48999786376953
2025-11-10 15:51:00+00:00,68.4800033569336
2025-11-10 15:52:00+00:00,68.4800033569336
2025-11-10 15:53:00+00:00,68.47000122070312
2025-11-10 15:55:00+00:00,68.4800033569336
2025-11-10 15:56:00+00:00,68.4749984741211
2025-11-10 15:57:00+00:00,68.4749984741211
2025-11-10 15:58:00+00:00,68.48500061035156
2025-11-10 15:59:00+00:00,68.48500061035156
2025-11-10 16:00:00+00:00,68.4800033569336
2025-11-10 16:01:00+00:00,68.47000122070312
2025-11-10 16:02:00+00:00,68.47000122070312
2025-11-10 16:03:00+00:00,68.4749984741211
2025-11-10 16:04:00+00:00,68.47000122070312
2025-11-10 16:05:00+00:00,68.4800033569336
2025-11-10 16:06:00+00:00,68.48500061035156
2025-11-10 16:07:00+00:00,68.48999786376953
2025-11-10 16:08:00+00:00,68.48999786376953
2025-11-10 16:09:00+00:00,68.48999786376953
2025-11-10 16:10:00+00:00,68.48999786376953
2025-11-10 16:11:00+00:00,68.48999786376953
2025-11-10 16:12:00+00:00,68.48999786376953
2025-11-10 16:13:00+00:00,68.48500061035156
2025-11-10 16:14:00+00:00,68.49500274658203
2025-11-10 16:15:00+00:00,68.48999786376953
2025-11-10 16:16:00+00:00,68.49500274658203
2025-11-10 16:17:00+00:00,68.54000091552734
2025-11-10 16:18:00+00:00,68.54000091552734
2025-11-10 16:19:00+00:00,68.54499816894531
2025-11-10 16:20:00+00:00,68.54499816894531
2025-11-10 16:21:00+00:00,68.54499816894531
2025-11-10 16:22:00+00:00,68.53500366210938
2025-11-10 16:23:00+00:00,68.53500366210938
2025-11-10 16:24:00+00:00,68.53500366210938
2025-11-10 16:25:00+00:00,68.53500366210938
2025-11-10 16:26:00+00:00,68.5250015258789
2025-11-10 16:27:00+00:00,68.5250015258789
2025-11-10 16:28:00+00:00,68.5250015258789
2025-11-10 16:29:00+00:00,68.5250015258789
2025-11-10 16:30:00+00:00,68.5250015258789
2025-11-10 16:31:00+00:00,68.51499938964844
2025-11-10 16:32:00+00:00,68.51000213623047
2025-11-10 16:34:00+00:00,68.51499938964844
2025-11-10 16:35:00+00:00,68.51499938964844
2025-11-10 16:36:00+00:00,68.51499938964844
2025-11-10 16:37:00+00:00,68.51499938964844
2025-11-10 16:38:00+00:00,68.51000213623047
2025-11-10 16:40:00+00:00,68.51000213623047
2025-11-10 16:41:00+00:00,68.51499938964844
2025-11-10 16:42:00+00:00,68.51499938964844
2025-11-10 16:43:00+00:00,68.51499938964844
2025-11-10 16:44:00+00:00,68.51000213623047
2025-11-10 16:45:00+00:00,68.51499938964844
2025-11-10 16:46:00+00:00,68.51499938964844
2025-11-10 16:47:00+00:00,68.51499938964844
2025-11-10 16:48:00+00:00,68.51499938964844
2025-11-10 16:49:00+00:00,68.51000213623047
2025-11-10 16:51:00+00:00,68.51000213623047
2025-11-10 16:52:00+00:00,68.51000213623047
2025-11-10 16:53:00+00:00,68.54000091552734
2025-11-10 16:54:00+00:00,68.53500366210938
2025-11-10 16:55:00+00:00,68.5250015258789
2025-11-10 16:56:00+00:00,68.5250015258789
2025-11-10 16:57:00+00:00,68.5250015258789
2025-11-10 16:58:00+00:00,68.5250015258789
2025-11-10 17:00:00+00:00,68.5250015258789
2025-11-10 17:01:00+00:00,68.5199966430664
2025-11-10 17:02:00+00:00,68.5199966430664
2025-11-10 17:03:00+00:00,68.5199966430664
2025-11-10 17:04:00+00:00,68.5199966430664
2025-11-10 17:06:00+00:00,68.5250015258789
2025-11-10 17:07:00+00:00,68.5250015258789
2025-11-10 17:08:00+00:00,68.5199966430664
2025-11-10 17:09:00+00:00,68.5250015258789
2025-11-10 17:10:00+00:00,68.5199966430664
2025-11-10 17:11:00+00:00,68.5199966430664
2025-11-10 17:12:00+00:00,68.5199966430664
2025-11-10 17:13:00+00:00,68.5199966430664
2025-11-10 17:14:00+00:00,68.5199966430664
2025-11-10 17:15:00+00:00,68.5199966430664
2025-11-10 17:16:00+00:00,68.5250015258789
2025-11-10 17:17:00+00:00,68.5199966430664
2025-11-10 17:18:00+00:00,68.5199966430664
2025-11-10 17:19:00+00:00,68.5250015258789
2025-11-10 17:22:00+00:00,68.5250015258789
2025-11-10 17:23:00+00:00,68.5199966430664
2025-11-10 17:24:00+00:00,68.5199966430664
2025-11-10 17:26:00+00:00,68.51499938964844
2025-11-10 17:27:00+00:00,68.50499725341797
2025-11-10 17:28:00+00:00,68.5
2025-11-10 17:30:00+00:00,68.50499725341797
2025-11-10 17:31:00+00:00,68.50749969482422
2025-11-10 17:32:00+00:00,68.50499725341797
2025-11-10 17:34:00+00:00,68.50499725341797
2025-11-10 17:35:00+00:00,68.50499725341797
2025-11-10 17:36:00+00:00,68.50499725341797
2025-11-10 17:37:00+00:00,68.50499725341797
2025-11-10 17:38:00+00:00,68.51000213623047
2025-11-10 17:39:00+00:00,68.5
2025-11-10 17:40:00+00:00,68.50499725341797
2025-11-10 17:41:00+00:00,68.51000213623047
2025-11-10 17:42:00+00:00,68.50499725341797
2025-11-10 17:43:00+00:00,68.50499725341797
2025-11-10 17:44:00+00:00,68.51000213623047
2025-11-10 17:45:00+00:00,68.5
2025-11-10 17:47:00+00:00,68.50499725341797
2025-11-10 17:48:00+00:00,68.50499725341797
2025-11-10 17:49:00+00:00,68.50499725341797
2025-11-10 17:50:00+00:00,68.50499725341797
2025-11-10 17:51:00+00:00,68.5
2025-11-10 17:52:00+00:00,68.50499725341797
2025-11-10 17:53:00+00:00,68.50499725341797
2025-11-10 17:54:00+00:00,68.51000213623047
2025-11-10 17:55:00+00:00,68.50499725341797
2025-11-10 17:56:00+00:00,68.54000091552734
2025-11-10 17:57:00+00:00,68.52999877929688
2025-11-10 17:58:00+00:00,68.52999877929688
2025-11-10 18:00:00+00:00,68.53500366210938
2025-11-10 18:01:00+00:00,68.53500366210938
2025-11-10 18:02:00+00:00,68.53500366210938
2025-11-10 18:03:00+00:00,68.53500366210938
2025-11-10 18:04:00+00:00,68.5250015258789
2025-11-10 18:05:00+00:00,68.5199966430664
2025-11-10 18:06:00+00:00,68.5250015258789
2025-11-10 18:07:00+00:00,68.5250015258789
2025-11-10 18:09:00+00:00,68.52749633789062
2025-11-10 18:10:00+00:00,68.52999877929688
2025-11-10 18:11:00+00:00,68.53500366210938
2025-11-10 18:12:00+00:00,68.53500366210938
2025-11-10 18:13:00+00:00,68.53500366210938
2025-11-10 18:14:00+00:00,68.52999877929688
2025-11-10 18:15:00+00:00,68.53500366210938
2025-11-10 18:16:00+00:00,68.53500366210938
2025-11-10 18:17:00+00:00,68.53500366210938
2025-11-10 18:18:00+00:00,68.53500366210938
2025-11-10 18:20:00+00:00,68.52999877929688
2025-11-10 18:21:00+00:00,68.50499725341797
2025-11-10 18:22:00+00:00,68.50499725341797
2025-11-10 18:23:00+00:00,68.51000213623047
2025-11-10 18:24:00+00:00,68.5199966430664
2025-11-10 18:25:00+00:00,68.5250015258789
2025-11-10 18:26:00+00:00,68.51499938964844
2025-11-10 18:27:00+00:00,68.51499938964844
2025-11-10 18:28:00+00:00,68.51000213623047
2025-11-10 18:29:00+00:00,68.51000213623047
2025-11-10 18:30:00+00:00,68.51499938964844
2025-11-10 18:31:00+00:00,68.51499938964844
2025-11-10 18:32:00+00:00,68.51499938964844
2025-11-10 18:33:00+00:00,68.51499938964844
2025-11-10 18:34:00+00:00,68.51499938964844
2025-11-10 18:35:00+00:00,68.55999755859375
2025-11-10 18:36:00+00:00,68.55999755859375
2025-11-10 18:37:00+00:00,68.56500244140625
2025-11-10 18:38:00+00:00,68.56500244140625
2025-11-10 18:39:00+00:00,68.58000183105469
2025-11-10 18:40:00+00:00,68.55999755859375
2025-11-10 18:41:00+00:00,68.56999969482422
2025-11-10 18:42:00+00:00,68.56999969482422
2025-11-10 18:44:00+00:00,68.57499694824219
2025-11-10 18:45:00+00:00,68.58000183105469
2025-11-10 18:46:00+00:00,68.57499694824219
2025-11-10 18:47:00+00:00,68.55000305175781
2025-11-10 18:48:00+00:00,68.56999969482422
2025-11-10 18:49:00+00:00,68.58000183105469
2025-11-10 18:50:00+00:00,68.58000183105469
2025-11-10 18:51:00+00:00,68.58000183105469
2025-11-10 18:52:00+00:00,68.58000183105469
2025-11-10 18:53:00+00:00,68.58000183105469
2025-11-10 18:54:00+00:00,68.58000183105469
2025-11-10 18:55:00+00:00,68.58000183105469
2025-11-10 18:56:00+00:00,68.58000183105469
2025-11-10 18:57:00+00:00,68.58000183105469
2025-11-10 18:58:00+00:00,68.58499908447266
2025-11-10 18:59:00+00:00,68.58499908447266
2025-11-10 19:00:00+00:00,68.58499908447266
2025-11-10 19:01:00+00:00,68.58499908447266
2025-11-10 19:02:00+00:00,68.5999984741211
2025-11-10 19:03:00+00:00,68.61000061035156
2025-11-10 19:04:00+00:00,68.61000061035156
2025-11-10 19:05:00+00:00,68.61000061035156
2025-11-10 19:06:00+00:00,68.61000061035156
2025-11-10 19:07:00+00:00,68.61000061035156
2025-11-10 19:08:00+00:00,68.61000061035156
2025-11-10 19:09:00+00:00,68.61000061035156
2025-11-10 19:10:00+00:00,68.60990142822266
2025-11-10 19:11:00+00:00,68.61000061035156
2025-11-10 19:12:00+00:00,68.61000061035156
2025-11-10 19:13:00+00:00,68.61000061035156
2025-11-10 19:14:00+00:00,68.61000061035156
2025-11-10 19:15:00+00:00,68.61000061035156
2025-11-10 19:16:00+00:00,68.61000061035156
2025-11-10 19:17:00+00:00,68.59500122070312
2025-11-10 19:18:00+00:00,68.6050033569336
2025-11-10 19:19:00+00:00,68.63999938964844
2025-11-10 19:20:00+00:00,68.6449966430664
2025-11-10 19:21:00+00:00,68.6500015258789
2025-11-10 19:22:00+00:00,68.6449966430664
2025-11-10 19:23:00+00:00,68.6500015258789
2025-11-10 19:24:00+00:00,68.6449966430664
2025-11-10 19:25:00+00:00,68.6500015258789
2025-11-10 19:26:00+00:00,68.6500015258789
2025-11-10 19:27:00+00:00,68.6449966430664
2025-11-10 19:28:00+00:00,68.6500015258789
2025-11-10 19:29:00+00:00,68.65499877929688
2025-11-10 19:30:00+00:00,68.65499877929688
2025-11-10 19:31:00+00:00,68.65499877929688
2025-11-10 19:32:00+00:00,68.6449966430664
2025-11-10 19:33:00+00:00,68.6449966430664
2025-11-10 19:34:00+00:00,68.6449966430664
2025-11-10 19:35:00+00:00,68.6449966430664
2025-11-10 19:36:00+00:00,68.6449966430664
2025-11-10 19:37:00+00:00,68.63500213623047
2025-11-10 19:38:00+00:00,68.63500213623047
2025-11-10 19:39:00+00:00,68.63500213623047
2025-11-10 19:40:00+00:00,68.62000274658203
2025-11-10 19:41:00+00:00,68.62000274658203
2025-11-10 19:42:00+00:00,68.62000274658203
2025-11-10 19:43:00+00:00,68.625
2025-11-10 19:44:00+00:00,68.63500213623047
2025-11-10 19:45:00+00:00,68.6449966430664
2025-11-10 19:46:00+00:00,68.6449966430664
2025-11-10 19:47:00+00:00,68.6500015258789
2025-11-10 19:48:00+00:00,68.6500015258789
2025-11-10 19:49:00+00:00,68.6500015258789
2025-11-10 19:50:00+00:00,68.6500015258789
2025-11-10 19:51:00+00:00,68.6449966430664
2025-11-10 19:52:00+00:00,68.65499877929688
2025-11-10 19:53:00+00:00,68.65499877929688
2025-11-10 19:54:00+00:00,68.65499877929688
2025-11-10 19:55:00+00:00,68.65499877929688
2025-11-10 19:56:00+00:00,68.65499877929688
2025-11-10 19:57:00+00:00,68.6500015258789
2025-11-10 19:58:00+00:00,68.6500015258789
2025-11-10 19:59:00+00:00,68.6500015258789
2025-11-10 20:00:00+00:00,68.6500015258789
2025-11-10 20:01:00+00:00,68.6500015258789
2025-11-10 20:02:00+00:00,68.6449966430664
2025-11-10 20:03:00+00:00,68.6449966430664
2025-11-10 20:04:00+00:00,68.6449966430664
2025-11-10 20:05:00+00:00,68.6500015258789
2025-11-10 20:06:00+00:00,68.63999938964844
2025-11-10 20:07:00+00:00,68.6449966430664
2025-11-10 20:08:00+00:00,68.6449966430664
2025-11-10 20:09:00+00:00,68.6449966430664
2025-11-10 20:10:00+00:00,68.6449966430664
2025-11-10 20:11:00+00:00,68.63999938964844
2025-11-10 20:12:00+00:00,68.6449966430664
2025-11-10 20:13:00+00:00,68.63500213623047
2025-11-10 20:14:00+00:00,68.62999725341797
2025-11-10 20:15:00+00:00,68.63500213623047
2025-11-10 20:16:00+00:00,68.63999938964844
2025-11-10 20:17:00+00:00,68.6500015258789
2025-11-10 20:18:00+00:00,68.6449966430664
2025-11-10 20:19:00+00:00,68.63500213623047
2025-11-10 20:20:00+00:00,68.62999725341797
2025-11-10 20:21:00+00:00,68.63500213623047
2025-11-10 20:22:00+00:00,68.63999938964844
2025-11-10 20:23:00+00:00,68.63999938964844
2025-11-10 20:24:00+00:00,68.63999938964844
2025-11-10 20:25:00+00:00,68.63999938964844
2025-11-10 20:26:00+00:00,68.6449966430664
2025-11-10 20:27:00+00:00,68.65499877929688
2025-11-10 20:28:00+00:00,68.66500091552734
2025-11-10 20:29:00+00:00,68.66999816894531
2025-11-10 20:30:00+00:00,68.66899871826172
2025-11-10 20:31:00+00:00,68.68000030517578
2025-11-10 20:32:00+00:00,68.68000030517578
2025-11-10 20:33:00+00:00,68.69000244140625
2025-11-10 20:34:00+00:00,68.69000244140625
2025-11-10 20:35:00+00:00,68.69000244140625
2025-11-10 20:36:00+00:00,68.68499755859375
2025-11-10 20:37:00+00:00,68.68000030517578
2025-11-10 20:38:00+00:00,68.68000030517578
2025-11-10 20:39:00+00:00,68.68000030517578
2025-11-10 20:40:00+00:00,68.65499877929688
2025-11-10 20:41:00+00:00,68.65499877929688
2025-11-10 20:42:00+00:00,68.66000366210938
2025-11-10 20:43:00+00:00,68.66999816894531
2025-11-10 20:44:00+00:00,68.65499877929688
2025-11-10 20:45:00+00:00,68.65499877929688
2025-11-10 20:46:00+00:00,68.65499877929688
2025-11-10 20:47:00+00:00,68.66999816894531
2025-11-10 20:48:00+00:00,68.66999816894531
2025-11-10 20:49:00+00:00,68.66999816894531
2025-11-10 20:50:00+00:00,68.66500091552734
2025-11-10 20:51:00+00:00,68.66500091552734
2025-11-10 20:52:00+00:00,68.66500091552734
2025-11-10 20:53:00+00:00,68.625
2025-11-10 20:54:00+00:00,68.63500213623047
2025-11-10 20:55:00+00:00,68.61499786376953
2025-11-10 20:56:00+00:00,68.61499786376953
2025-11-10 20:57:00+00:00,68.62999725341797
2025-11-10 20:58:00+00:00,68.66000366210938
2025-11-10 20:59:00+00:00,68.5999984741211
2025-11-11 14:30:00+00:00,68.63999938964844
2025-11-11 14:31:00+00:00,68.63999938964844
2025-11-11 14:32:00+00:00,68.6500015258789
2025-11-11 14:33:00+00:00,68.6500015258789
2025-11-11 14:34:00+00:00,68.6449966430664
2025-11-11 14:35:00+00:00,68.66000366210938
2025-11-11 14:36:00+00:00,68.68000030517578
2025-11-11 14:37:00+00:00,68.68000030517578
2025-11-11 14:38:00+00:00,68.68000030517578
2025-11-11 14:39:00+00:00,68.66999816894531
2025-11-11 14:40:00+00:00,68.66999816894531
2025-11-11 14:41:00+00:00,68.65499877929688
2025-11-11 14:42:00+00:00,68.65499877929688
2025-11-11 14:43:00+00:00,68.63999938964844
2025-11-11 14:44:00+00:00,68.6449966430664
2025-11-11 14:45:00+00:00,68.6449966430664
2025-11-11 14:46:00+00:00,68.63500213623047
2025-11-11 14:47:00+00:00,68.6500015258789
2025-11-11 14:48:00+00:00,68.6449966430664
2025-11-11 14:49:00+00:00,68.6449966430664
2025-11-11 14:50:00+00:00,68.6449966430664
2025-11-11 14:51:00+00:00,68.6500015258789
2025-11-11 14:52:00+00:00,68.6449966430664
2025-11-11 14:53:00+00:00,68.6449966430664
2025-11-11 14:54:00+00:00,68.6500015258789
2025-11-11 14:55:00+00:00,68.6500015258789
2025-11-11 14:56:00+00:00,68.65499877929688
2025-11-11 14:57:00+00:00,68.6449966430664
2025-11-11 14:58:00+00:00,68.63999938964844
2025-11-11 14:59:00+00:00,68.6449966430664
2025-11-11 15:00:00+00:00,68.6449966430664
2025-11-11 15:01:00+00:00,68.63999938964844
2025-11-11 15:02:00+00:00,68.6449966430664
2025-11-11 15:03:00+00:00,68.65499877929688
2025-11-11 15:04:00+00:00,68.65499877929688
2025-11-11 15:05:00+00:00,68.6500015258789
2025-11-11 15:06:00+00:00,68.6449966430664
2025-11-11 15:07:00+00:00,68.6449966430664
2025-11-11 15:08:00+00:00,68.6500015258789
2025-11-11 15:09:00+00:00,68.66000366210938
2025-11-11 15:10:00+00:00,68.66500091552734
2025-11-11 15:11:00+00:00,68.66000366210938
2025-11-11 15:12:00+00:00,68.65499877929688
2025-11-11 15:13:00+00:00,68.65499877929688
2025-11-11 15:14:00+00:00,68.65499877929688
2025-11-11 15:15:00+00:00,68.6500015258789
2025-11-11 15:16:00+00:00,68.66000366210938
2025-11-11 15:17:00+00:00,68.66999816894531
2025-11-11 15:18:00+00:00,68.68000030517578
2025-11-11 15:19:00+00:00,68.66500091552734
2025-11-11 15:20:00+00:00,68.68000030517578
2025-11-11 15:21:00+00:00,68.67500305175781
2025-11-11 15:22:00+00:00,68.67500305175781
2025-11-11 15:23:00+00:00,68.68000030517578
2025-11-11 15:24:00+00:00,68.69000244140625
2025-11-11 15:25:00+00:00,68.69499969482422
2025-11-11 15:26:00+00:00,68.69499969482422
2025-11-11 15:27:00+00:00,68.69499969482422
2025-11-11 15:28:00+00:00,68.69999694824219
2025-11-11 15:29:00+00:00,68.70500183105469
2025-11-11 15:30:00+00:00,68.70500183105469
2025-11-11 15:31:00+00:00,68.69999694824219
2025-11-11 15:32:00+00:00,68.70999908447266
2025-11-11 15:33:00+00:00,68.69499969482422
2025-11-11 15:34:00+00:00,68.69499969482422
2025-11-11 15:35:00+00:00,68.69499969482422
2025-11-11 15:36:00+00:00,68.69499969482422
2025-11-11 15:37:00+00:00,68.69499969482422
2025-11-11 15:38:00+00:00,68.69999694824219
2025-11-11 15:39:00+00:00,68.69000244140625
2025-11-11 15:40:00+00:00,68.68000030517578
2025-11-11 15:41:00+00:00,68.69000244140625
2025-11-11 15:42:00+00:00,68.69999694824219
2025-11-11 15:43:00+00:00,68.69999694824219
2025-11-11 15:44:00+00:00,68.69999694824219
2025-11-11 15:45:00+00:00,68.697998046875
2025-11-11 15:46:00+00:00,68.69499969482422
2025-11-11 15:47:00+00:00,68.69499969482422
2025-11-11 15:48:00+00:00,68.69499969482422
2025-11-11 15:49:00+00:00,68.70500183105469
2025-11-11 15:50:00+00:00,68.71499633789062
2025-11-11 15:51:00+00:00,68.71499633789062
2025-11-11 15:52:00+00:00,68.72000122070312
2025-11-11 15:53:00+00:00,68.71499633789062
2025-11-11 15:54:00+00:00,68.75
2025-11-11 15:55:00+00:00,68.7300033569336
2025-11-11 15:56:00+00:00,68.7300033569336
2025-11-11 15:57:00+00:00,68.7300033569336
2025-11-11 15:58:00+00:00,68.7249984741211
2025-11-11 15:59:00+00:00,68.7300033569336
2025-11-11 16:00:00+00:00,68.7300033569336
2025-11-11 16:01:00+00:00,68.73500061035156
2025-11-11 16:02:00+00:00,68.7300033569336
2025-11-11 16:03:00+00:00,68.7300033569336
2025-11-11 16:04:00+00:00,68.7300033569336
2025-11-11 16:05:00+00:00,68.7300033569336
2025-11-11 16:06:00+00:00,68.72000122070312
2025-11-11 16:07:00+00:00,68.72000122070312
2025-11-11 16:08:00+00:00,68.70999908447266
2025-11-11 16:09:00+00:00,68.72000122070312
2025-11-11 16:10:00+00:00,68.71499633789062
2025-11-11 16:11:00+00:00,68.70999908447266
2025-11-11 16:12:00+00:00,68.69999694824219
2025-11-11 16:14:00+00:00,68.69999694824219
2025-11-11 16:15:00+00:00,68.69999694824219
2025-11-11 16:16:00+00:00,68.69999694824219
2025-11-11 16:17:00+00:00,68.69999694824219
2025-11-11 16:18:00+00:00,68.70999908447266
2025-11-11 16:19:00+00:00,68.71499633789062
2025-11-11 16:20:00+00:00,68.70999908447266
2025-11-11 16:21:00+00:00,68.71499633789062
2025-11-11 16:22:00+00:00,68.69999694824219
2025-11-11 16:23:00+00:00,68.70500183105469
2025-11-11 16:24:00+00:00,68.69000244140625
2025-11-11 16:25:00+00:00,68.69999694824219
2025-11-11 16:26:00+00:00,68.69499969482422
2025-11-11 16:27:00+00:00,68.68000030517578
2025-11-11 16:28:00+00:00,68.68499755859375
2025-11-11 16:29:00+00:00,68.68499755859375
2025-11-11 16:30:00+00:00,68.69000244140625
2025-11-11 16:31:00+00:00,68.69000244140625
2025-11-11 16:32:00+00:00,68.68499755859375
2025-11-11 16:33:00+00:00,68.69999694824219
2025-11-11 16:34:00+00:00,68.69999694824219
2025-11-11 16:35:00+00:00,68.69499969482422
2025-11-11 16:36:00+00:00,68.69000244140625
2025-11-11 16:37:00+00:00,68.69999694824219
2025-11-11 16:38:00+00:00,68.69999694824219
2025-11-11 16:39:00+00:00,68.69499969482422
2025-11-11 16:40:00+00:00,68.69499969482422
2025-11-11 16:41:00+00:00,68.69499969482422
2025-11-11 16:42:00+00:00,68.69499969482422
2025-11-11 16:43:00+00:00,68.70500183105469
2025-11-11 16:44:00+00:00,68.68499755859375
2025-11-11 16:45:00+00:00,68.69000244140625
2025-11-11 16:46:00+00:00,68.72000122070312
2025-11-11 16:47:00+00:00,68.71499633789062
2025-11-11 16:48:00+00:00,68.71499633789062
2025-11-11 16:49:00+00:00,68.7249984741211
2025-11-11 16:50:00+00:00,68.73500061035156
2025-11-11 16:51:00+00:00,68.7300033569336
2025-11-11 16:52:00+00:00,68.73500061035156
2025-11-11 16:53:00+00:00,68.7300033569336
2025-11-11 16:54:00+00:00,68.7300033569336
2025-11-11 16:55:00+00:00,68.73999786376953
2025-11-11 16:56:00+00:00,68.73500061035156
2025-11-11 16:57:00+00:00,68.73500061035156
2025-11-11 16:58:00+00:00,68.7300033569336
2025-11-11 16:59:00+00:00,68.7300033569336
2025-11-11 17:01:00+00:00,68.7300033569336
2025-11-11 17:02:00+00:00,68.7300033569336
2025-11-11 17:03:00+00:00,68.72000122070312
2025-11-11 17:04:00+00:00,68.72000122070312
2025-11-11 17:05:00+00:00,68.71499633789062
2025-11-11 17:06:00+00:00,68.70999908447266
2025-11-11 17:07:00+00:00,68.70999908447266
2025-11-11 17:08:00+00:00,68.71499633789062
2025-11-11 17:09:00+00:00,68.69999694824219
2025-11-11 17:11:00+00:00,68.69999694824219
2025-11-11 17:12:00+00:00,68.69999694824219
2025-11-11 17:13:00+00:00,68.71499633789062
2025-11-11 17:14:00+00:00,68.72000122070312
2025-11-11 17:15:00+00:00,68.7300033569336
2025-11-11 17:16:00+00:00,68.7300033569336
2025-11-11 17:17:00+00:00,68.7249984741211
2025-11-11 17:18:00+00:00,68.71499633789062
2025-11-11 17:20:00+00:00,68.72000122070312
2025-11-11 17:21:00+00:00,68.71499633789062
2025-11-11 17:22:00+00:00,68.71499633789062
2025-11-11 17:23:00+00:00,68.70999908447266
2025-11-11 17:24:00+00:00,68.70999908447266
2025-11-11 17:25:00+00:00,68.70999908447266
2025-11-11 17:26:00+00:00,68.70999908447266
2025-11-11 17:27:00+00:00,68.71540069580078
2025-11-11 17:28:00+00:00,68.70999908447266
2025-11-11 17:29:00+00:00,68.70999908447266
2025-11-11 17:30:00+00:00,68.71499633789062
2025-11-11 17:31:00+00:00,68.71499633789062
2025-11-11 17:32:00+00:00,68.71499633789062
2025-11-11 17:33:00+00:00,68.72000122070312
2025-11-11 17:35:00+00:00,68.71499633789062
2025-11-11 17:36:00+00:00,68.70999908447266
2025-11-11 17:37:00+00:00,68.72000122070312
2025-11-11 17:38:00+00:00,68.71499633789062
2025-11-11 17:39:00+00:00,68.72000122070312
2025-11-11 17:40:00+00:00,68.71499633789062
2025-11-11 17:41:00+00:00,68.71499633789062
2025-11-11 17:42:00+00:00,68.71499633789062
2025-11-11 17:43:00+00:00,68.71499633789062
2025-11-11 17:44:00+00:00,68.71499633789062
2025-11-11 17:45:00+00:00,68.70999908447266
2025-11-11 17:46:00+00:00,68.71499633789062
2025-11-11 17:47:00+00:00,68.70999908447266
2025-11-11 17:48:00+00:00,68.7300033569336
2025-11-11 17:49:00+00:00,68.7300033569336
2025-11-11 17:50:00+00:00,68.7249984741211
2025-11-11 17:51:00+00:00,68.7300033569336
2025-11-11 17:52:00+00:00,68.72000122070312
2025-11-11 17:53:00+00:00,68.7249984741211
2025-11-11 17:54:00+00:00,68.7300033569336
2025-11-11 17:55:00+00:00,68.7249984741211
2025-11-11 17:56:00+00:00,68.7300033569336
2025-11-11 17:57:00+00:00,68.7300033569336
2025-11-11 17:58:00+00:00,68.7300033569336
2025-11-11 17:59:00+00:00,68.7300033569336
2025-11-11 18:00:00+00:00,68.7249984741211
2025-11-11 18:01:00+00:00,68.7249984741211
2025-11-11 18:02:00+00:00,68.7249984741211
2025-11-11 18:03:00+00:00,68.7249984741211
2025-11-11 18:04:00+00:00,68.72000122070312
2025-11-11 18:05:00+00:00,68.7249984741211
2025-11-11 18:06:00+00:00,68.7249984741211
2025-11-11 18:07:00+00:00,68.73999786376953
2025-11-11 18:08:00+00:00,68.73999786376953
2025-11-11 18:09:00+00:00,68.73999786376953
2025-11-11 18:10:00+00:00,68.73999786376953
2025-11-11 18:11:00+00:00,68.74500274658203
2025-11-11 18:12:00+00:00,68.73500061035156
2025-11-11 18:14:00+00:00,68.73999786376953
2025-11-11 18:15:00+00:00,68.74500274658203
2025-11-11 18:16:00+00:00,68.76499938964844
2025-11-11 18:17:00+00:00,68.7699966430664
2025-11-11 18:18:00+00:00,68.7750015258789
2025-11-11 18:19:00+00:00,68.7300033569336
2025-11-11 18:20:00+00:00,68.75
2025-11-11 18:21:00+00:00,68.76000213623047
2025-11-11 18:22:00+00:00,68.76499938964844
2025-11-11 18:23:00+00:00,68.7699966430664
2025-11-11 18:24:00+00:00,68.7699966430664
2025-11-11 18:25:00+00:00,68.76499938964844
2025-11-11 18:26:00+00:00,68.76499938964844
2025-11-11 18:27:00+00:00,68.76499938964844
2025-11-11 18:28:00+00:00,68.76499938964844
2025-11-11 18:29:00+00:00,68.75
2025-11-11 18:30:00+00:00,68.75499725341797
2025-11-11 18:31:00+00:00,68.75499725341797
2025-11-11 18:32:00+00:00,68.76000213623047
2025-11-11 18:33:00+00:00,68.76000213623047
2025-11-11 18:34:00+00:00,68.76000213623047
2025-11-11 18:35:00+00:00,68.76000213623047
2025-11-11 18:36:00+00:00,68.76000213623047
2025-11-11 18:37:00+00:00,68.76000213623047
2025-11-11 18:38:00+00:00,68.75499725341797
2025-11-11 18:39:00+00:00,68.76000213623047
2025-11-11 18:40:00+00:00,68.76000213623047
2025-11-11 18:41:00+00:00,68.75499725341797
2025-11-11 18:42:00+00:00,68.75499725341797
2025-11-11 18:43:00+00:00,68.75749969482422
2025-11-11 18:44:00+00:00,68.76000213623047
2025-11-11 18:45:00+00:00,68.76000213623047
2025-11-11 18:46:00+00:00,68.75499725341797
2025-11-11 18:47:00+00:00,68.75499725341797
2025-11-11 18:48:00+00:00,68.75499725341797
2025-11-11 18:49:00+00:00,68.75499725341797
2025-11-11 18:50:00+00:00,68.76000213623047
2025-11-11 18:51:00+00:00,68.76000213623047
2025-11-11 18:52:00+00:00,68.74500274658203
2025-11-11 18:53:00+00:00,68.74500274658203
2025-11-11 18:54:00+00:00,68.74500274658203
2025-11-11 18:55:00+00:00,68.75
2025-11-11 18:56:00+00:00,68.74500274658203
2025-11-11 18:57:00+00:00,68.75
2025-11-11 18:58:00+00:00,68.75
2025-11-11 18:59:00+00:00,68.75
2025-11-11 19:00:00+00:00,68.75
2025-11-11 19:01:00+00:00,68.75499725341797
2025-11-11 19:02:00+00:00,68.75499725341797
2025-11-11 19:03:00+00:00,68.75
2025-11-11 19:04:00+00:00,68.75499725341797
2025-11-11 19:05:00+00:00,68.75499725341797
2025-11-11 19:06:00+00:00,68.76000213623047
2025-11-11 19:07:00+00:00,68.74500274658203
2025-11-11 19:08:00+00:00,68.75
2025-11-11 19:09:00+00:00,68.74500274658203
2025-11-11 19:10:00+00:00,68.75
2025-11-11 19:11:00+00:00,68.74500274658203
2025-11-11 19:12:00+00:00,68.75
2025-11-11 19:13:00+00:00,68.75
2025-11-11 19:14:00+00:00,68.74500274658203
2025-11-11 19:15:00+00:00,68.74500274658203
2025-11-11 19:16:00+00:00,68.75
2025-11-11 19:17:00+00:00,68.75
2025-11-11 19:18:00+00:00,68.75
2025-11-11 19:19:00+00:00,68.75
2025-11-11 19:20:00+00:00,68.75
2025-11-11 19:21:00+00:00,68.74500274658203
2025-11-11 19:22:00+00:00,68.75
2025-11-11 19:23:00+00:00,68.75
2025-11-11 19:24:00+00:00,68.74500274658203
2025-11-11 19:25:00+00:00,68.75499725341797
2025-11-11 19:26:00+00:00,68.75499725341797
2025-11-11 19:27:00+00:00,68.76000213623047
2025-11-11 19:28:00+00:00,68.75499725341797
2025-11-11 19:29:00+00:00,68.76000213623047
2025-11-11 19:30:00+00:00,68.76000213623047
2025-11-11 19:31:00+00:00,68.76000213623047
2025-11-11 19:32:00+00:00,68.75499725341797
2025-11-11 19:33:00+00:00,68.75499725341797
2025-11-11 19:34:00+00:00,68.75499725341797
2025-11-11 19:35:00+00:00,68.76000213623047
2025-11-11 19:36:00+00:00,68.75
2025-11-11 19:37:00+00:00,68.75
2025-11-11 19:38:00+00:00,68.75
2025-11-11 19:39:00+00:00,68.75
2025-11-11 19:40:00+00:00,68.75499725341797
2025-11-11 19:41:00+00:00,68.75
2025-11-11 19:42:00+00:00,68.75499725341797
2025-11-11 19:43:00+00:00,68.75
2025-11-11 19:44:00+00:00,68.75499725341797
2025-11-11 19:45:00+00:00,68.76000213623047
2025-11-11 19:46:00+00:00,68.75
2025-11-11 19:47:00+00:00,68.75499725341797
2025-11-11 19:48:00+00:00,68.75499725341797
2025-11-11 19:49:00+00:00,68.75
2025-11-11 19:50:00+00:00,68.75
2025-11-11 19:51:00+00:00,68.76000213623047
2025-11-11 19:52:00+00:00,68.75
2025-11-11 19:53:00+00:00,68.76000213623047
2025-11-11 19:54:00+00:00,68.75
2025-11-11 19:55:00+00:00,68.76000213623047
2025-11-11 19:56:00+00:00,68.75
2025-11-11 19:57:00+00:00,68.75499725341797
2025-11-11 19:58:00+00:00,68.75
2025-11-11 19:59:00+00:00,68.76000213623047
2025-11-11 20:00:00+00:00,68.76000213623047
2025-11-11 20:01:00+00:00,68.75499725341797
2025-11-11 20:02:00+00:00,68.75499725341797
2025-11-11 20:03:00+00:00,68.75
2025-11-11 20:04:00+00:00,68.75499725341797
2025-11-11 20:05:00+00:00,68.76000213623047
2025-11-11 20:06:00+00:00,68.76000213623047
2025-11-11 20:07:00+00:00,68.76000213623047
2025-11-11 20:08:00+00:00,68.75499725341797
2025-11-11 20:09:00+00:00,68.75
2025-11-11 20:10:00+00:00,68.76000213623047
2025-11-11 20:11:00+00:00,68.75
2025-11-11 20:13:00+00:00,68.75
2025-11-11 20:14:00+00:00,68.75
2025-11-11 20:15:00+00:00,68.75499725341797
2025-11-11 20:16:00+00:00,68.75
2025-11-11 20:17:00+00:00,68.75499725341797
2025-11-11 20:18:00+00:00,68.74500274658203
2025-11-11 20:19:00+00:00,68.74500274658203
2025-11-11 20:20:00+00:00,68.74500274658203
2025-11-11 20:21:00+00:00,68.74500274658203
2025-11-11 20:22:00+00:00,68.74500274658203
2025-11-11 20:23:00+00:00,68.75
2025-11-11 20:24:00+00:00,68.75
2025-11-11 20:25:00+00:00,68.75
2025-11-11 20:26:00+00:00,68.76000213623047
2025-11-11 20:27:00+00:00,68.7699966430664
2025-11-11 20:28:00+00:00,68.76499938964844
2025-11-11 20:29:00+00:00,68.76499938964844
2025-11-11 20:30:00+00:00,68.77999877929688
2025-11-11 20:31:00+00:00,68.77999877929688
2025-11-11 20:32:00+00:00,68.7750015258789
2025-11-11 20:33:00+00:00,68.77999877929688
2025-11-11 20:34:00+00:00,68.7750015258789
2025-11-11 20:35:00+00:00,68.77999877929688
2025-11-11 20:36:00+00:00,68.77999877929688
2025-11-11 20:37:00+00:00,68.77999877929688
2025-11-11 20:38:00+00:00,68.77999877929688
2025-11-11 20:39:00+00:00,68.77999877929688
2025-11-11 20:40:00+00:00,68.77999877929688
2025-11-11 20:41:00+00:00,68.77999877929688
2025-11-11 20:42:00+00:00,68.77999877929688
2025-11-11 20:43:00+00:00,68.77999877929688
2025-11-11 20:44:00+00:00,68.77999877929688
2025-11-11 20:45:00+00:00,68.77999877929688
2025-11-11 20:46:00+00:00,68.78500366210938
2025-11-11 20:47:00+00:00,68.79000091552734
2025-11-11 20:48:00+00:00,68.77999877929688
2025-11-11 20:49:00+00:00,68.77999877929688
2025-11-11 20:50:00+00:00,68.79000091552734
2025-11-11 20:51:00+00:00,68.77999877929688
2025-11-11 20:52:00+00:00,68.77999877929688
2025-11-11 20:53:00+00:00,68.78500366210938
2025-11-11 20:54:00+00:00,68.79000091552734
2025-11-11 20:55:00+00:00,68.79000091552734
2025-11-11 20:56:00+00:00,68.77999877929688
2025-11-11 20:57:00+00:00,68.77999877929688
2025-11-11 20:58:00+00:00,68.77999877929688
2025-11-11 20:59:00+00:00,68.77999877929688
2025-11-12 14:30:00+00:00,68.76000213623047
2025-11-12 14:31:00+00:00,68.80999755859375
2025-11-12 14:32:00+00:00,68.79000091552734
2025-11-12 14:33:00+00:00,68.7699966430664
2025-11-12 14:35:00+00:00,68.73999786376953
2025-11-12 14:37:00+00:00,68.73999786376953
2025-11-12 14:38:00+00:00,68.74800109863281
2025-11-12 14:39:00+00:00,68.75
2025-11-12 14:40:00+00:00,68.75
2025-11-12 14:41:00+00:00,68.74500274658203
2025-11-12 14:42:00+00:00,68.75
2025-11-12 14:43:00+00:00,68.74500274658203
2025-11-12 14:44:00+00:00,68.75
2025-11-12 14:45:00+00:00,68.73999786376953
2025-11-12 14:46:00+00:00,68.7249984741211
2025-11-12 14:47:00+00:00,68.73999786376953
2025-11-12 14:49:00+00:00,68.79000091552734
2025-11-12 14:50:00+00:00,68.7699966430664
2025-11-12 14:51:00+00:00,68.77100372314453
2025-11-12 14:52:00+00:00,68.77999877929688
2025-11-12 14:53:00+00:00,68.76000213623047
2025-11-12 14:54:00+00:00,68.76000213623047
2025-11-12 14:55:00+00:00,68.76499938964844
2025-11-12 14:57:00+00:00,68.7699966430664
2025-11-12 14:58:00+00:00,68.77999877929688
2025-11-12 14:59:00+00:00,68.7699966430664
2025-11-12 15:00:00+00:00,68.73999786376953
2025-11-12 15:01:00+00:00,68.75650024414062
2025-11-12 15:02:00+00:00,68.75
2025-11-12 15:03:00+00:00,68.75499725341797
2025-11-12 15:04:00+00:00,68.75
2025-11-12 15:05:00+00:00,68.75
2025-11-12 15:06:00+00:00,68.75
2025-11-12 15:07:00+00:00,68.75
2025-11-12 15:08:00+00:00,68.75
2025-11-12 15:09:00+00:00,68.75
2025-11-12 15:10:00+00:00,68.70999908447266
2025-11-12 15:11:00+00:00,68.75
2025-11-12 15:12:00+00:00,68.7300033569336
2025-11-12 15:13:00+00:00,68.76499938964844
2025-11-12 15:14:00+00:00,68.76499938964844
2025-11-12 15:15:00+00:00,68.7698974609375
2025-11-12 15:16:00+00:00,68.77999877929688
2025-11-12 15:17:00+00:00,68.7699966430664
2025-11-12 15:18:00+00:00,68.79499816894531
2025-11-12 15:19:00+00:00,68.79499816894531
2025-11-12 15:20:00+00:00,68.78500366210938
2025-11-12 15:21:00+00:00,68.7699966430664
2025-11-12 15:22:00+00:00,68.80000305175781
2025-11-12 15:23:00+00:00,68.80500030517578
2025-11-12 15:24:00+00:00,68.80999755859375
2025-11-12 15:25:00+00:00,68.80000305175781
2025-11-12 15:26:00+00:00,68.80000305175781
2025-11-12 15:27:00+00:00,68.80000305175781
2025-11-12 15:28:00+00:00,68.80000305175781
2025-11-12 15:29:00+00:00,68.80000305175781
2025-11-12 15:30:00+00:00,68.79499816894531
2025-11-12 15:31:00+00:00,68.76000213623047
2025-11-12 15:32:00+00:00,68.77999877929688
2025-11-12 15:33:00+00:00,68.77999877929688
2025-11-12 15:34:00+00:00,68.7699966430664
2025-11-12 15:35:00+00:00,68.77999877929688
2025-11-12 15:36:00+00:00,68.77999877929688
2025-11-12 15:37:00+00:00,68.77999877929688
2025-11-12 15:38:00+00:00,68.77999877929688
2025-11-12 15:39:00+00:00,68.77999877929688
2025-11-12 15:40:00+00:00,68.80000305175781
2025-11-12 15:41:00+00:00,68.79000091552734
2025-11-12 15:42:00+00:00,68.78500366210938
2025-11-12 15:43:00+00:00,68.80000305175781
2025-11-12 15:44:00+00:00,68.80000305175781
2025-11-12 15:45:00+00:00,68.80000305175781
2025-11-12 15:46:00+00:00,68.79499816894531
2025-11-12 15:47:00+00:00,68.80500030517578
2025-11-12 15:48:00+00:00,68.80500030517578
2025-11-12 15:49:00+00:00,68.80000305175781
2025-11-12 15:50:00+00:00,68.80500030517578
2025-11-12 15:52:00+00:00,68.80000305175781
2025-11-12 15:53:00+00:00,68.80999755859375
2025-11-12 15:54:00+00:00,68.80000305175781
2025-11-12 15:55:00+00:00,68.80000305175781
2025-11-12 15:56:00+00:00,68.80000305175781
2025-11-12 15:57:00+00:00,68.80999755859375
2025-11-12 15:58:00+00:00,68.80999755859375
2025-11-12 16:00:00+00:00,68.80999755859375
2025-11-12 16:01:00+00:00,68.81500244140625
2025-11-12 16:02:00+00:00,68.80500030517578
2025-11-12 16:04:00+00:00,68.81999969482422
2025-11-12 16:05:00+00:00,68.81500244140625
2025-11-12 16:06:00+00:00,68.81500244140625
2025-11-12 16:07:00+00:00,68.80999755859375
2025-11-12 16:08:00+00:00,68.81999969482422
2025-11-12 16:09:00+00:00,68.80999755859375
2025-11-12 16:10:00+00:00,68.83499908447266
2025-11-12 16:11:00+00:00,68.8499984741211
2025-11-12 16:12:00+00:00,68.83999633789062
2025-11-12 16:13:00+00:00,68.86000061035156
2025-11-12 16:14:00+00:00,68.875
2025-11-12 16:15:00+00:00,68.87999725341797
2025-11-12 16:16:00+00:00,68.87000274658203
2025-11-12 16:17:00+00:00,68.8949966430664
2025-11-12 16:18:00+00:00,68.92500305175781
2025-11-12 16:19:00+00:00,68.92500305175781
2025-11-12 16:20:00+00:00,68.92500305175781
2025-11-12 16:21:00+00:00,68.94999694824219
2025-11-12 16:22:00+00:00,68.94499969482422
2025-11-12 16:23:00+00:00,68.94999694824219
2025-11-12 16:24:00+00:00,68.94999694824219
2025-11-12 16:25:00+00:00,68.9800033569336
2025-11-12 16:26:00+00:00,69.0
2025-11-12 16:27:00+00:00,69.01319122314453
2025-11-12 16:28:00+00:00,69.01000213623047
2025-11-12 16:29:00+00:00,69.01499938964844
2025-11-12 16:30:00+00:00,69.02999877929688
2025-11-12 16:31:00+00:00,69.02999877929688
2025-11-12 16:32:00+00:00,69.02999877929688
2025-11-12 16:33:00+00:00,69.02999877929688
2025-11-12 16:34:00+00:00,69.0250015258789
2025-11-12 16:35:00+00:00,69.03500366210938
2025-11-12 16:36:00+00:00,69.05500030517578
2025-11-12 16:37:00+00:00,69.06999969482422
2025-11-12 16:38:00+00:00,69.05000305175781
2025-11-12 16:39:00+00:00,69.05500030517578
2025-11-12 16:40:00+00:00,69.05500030517578
2025-11-12 16:41:00+00:00,69.05999755859375
2025-11-12 16:42:00+00:00,69.06999969482422
2025-11-12 16:43:00+00:00,69.05000305175781
2025-11-12 16:44:00+00:00,69.05999755859375
2025-11-12 16:45:00+00:00,69.06500244140625
2025-11-12 16:46:00+00:00,69.05999755859375
2025-11-12 16:47:00+00:00,69.06999969482422
2025-11-12 16:48:00+00:00,69.07499694824219
2025-11-12 16:49:00+00:00,69.06500244140625
2025-11-12 16:50:00+00:00,69.06500244140625
2025-11-12 16:51:00+00:00,69.06500244140625
2025-11-12 16:52:00+00:00,69.06999969482422
2025-11-12 16:53:00+00:00,69.07499694824219
2025-11-12 16:54:00+00:00,69.07499694824219
2025-11-12 16:55:00+00:00,69.06999969482422
2025-11-12 16:56:00+00:00,69.07499694824219
2025-11-12 16:57:00+00:00,69.07499694824219
2025-11-12 16:58:00+00:00,69.07499694824219
2025-11-12 16:59:00+00:00,69.07499694824219
2025-11-12 17:00:00+00:00,69.06999969482422
2025-11-12 17:01:00+00:00,69.07499694824219
2025-11-12 17:02:00+00:00,69.08000183105469
2025-11-12 17:03:00+00:00,69.06999969482422
2025-11-12 17:04:00+00:00,69.05500030517578
2025-11-12 17:05:00+00:00,69.06500244140625
2025-11-12 17:06:00+00:00,69.05999755859375
2025-11-12 17:07:00+00:00,69.11499786376953
2025-11-12 17:08:00+00:00,69.08000183105469
2025-11-12 17:09:00+00:00,69.13500213623047
2025-11-12 17:10:00+00:00,69.1449966430664
2025-11-12 17:11:00+00:00,69.12999725341797
2025-11-12 17:12:00+00:00,69.15499877929688
2025-11-12 17:13:00+00:00,69.1500015258789
2025-11-12 17:14:00+00:00,69.1500015258789
2025-11-12 17:15:00+00:00,69.12999725341797
2025-11-12 17:16:00+00:00,69.12999725341797
2025-11-12 17:17:00+00:00,69.06500244140625
2025-11-12 17:18:00+00:00,69.04499816894531
2025-11-12 17:19:00+00:00,69.05500030517578
2025-11-12 17:20:00+00:00,69.0199966430664
2025-11-12 17:21:00+00:00,69.03500366210938
2025-11-12 17:22:00+00:00,69.03500366210938
2025-11-12 17:23:00+00:00,69.02999877929688
2025-11-12 17:24:00+00:00,69.03500366210938
2025-11-12 17:25:00+00:00,69.03500366210938
2025-11-12 17:26:00+00:00,69.02999877929688
2025-11-12 17:27:00+00:00,69.02999877929688
2025-11-12 17:28:00+00:00,69.02999877929688
2025-11-12 17:29:00+00:00,69.0250015258789
2025-11-12 17:30:00+00:00,69.0199966430664
2025-11-12 17:31:00+00:00,69.0250015258789
2025-11-12 17:32:00+00:00,69.0250015258789
2025-11-12 17:33:00+00:00,69.0250015258789
2025-11-12 17:34:00+00:00,69.0250015258789
2025-11-12 17:35:00+00:00,69.04000091552734
2025-11-12 17:36:00+00:00,69.04499816894531
2025-11-12 17:37:00+00:00,69.04000091552734
2025-11-12 17:38:00+00:00,69.02999877929688
2025-11-12 17:39:00+00:00,69.04499816894531
2025-11-12 17:40:00+00:00,69.04000091552734
2025-11-12 17:41:00+00:00,69.02999877929688
2025-11-12 17:42:00+00:00,69.03500366210938
2025-11-12 17:43:00+00:00,69.04499816894531
2025-11-12 17:44:00+00:00,69.05500030517578
2025-11-12 17:45:00+00:00,69.05000305175781
2025-11-12 17:46:00+00:00,69.05000305175781
2025-11-12 17:47:00+00:00,69.04000091552734
2025-11-12 17:48:00+00:00,69.04000091552734
2025-11-12 17:49:00+00:00,69.05500030517578
2025-11-12 17:50:00+00:00,69.05999755859375
2025-11-12 17:51:00+00:00,69.05000305175781
2025-11-12 17:52:00+00:00,69.05500030517578
2025-11-12 17:53:00+00:00,69.05500030517578
2025-11-12 17:54:00+00:00,69.05000305175781
2025-11-12 17:55:00+00:00,69.05000305175781
2025-11-12 17:56:00+00:00,69.04499816894531
2025-11-12 17:57:00+00:00,69.04000091552734
2025-11-12 17:58:00+00:00,69.04000091552734
2025-11-12 17:59:00+00:00,69.05000305175781
2025-11-12 18:00:00+00:00,69.04000091552734
2025-11-12 18:01:00+00:00,69.04499816894531
2025-11-12 18:02:00+00:00,69.05000305175781
2025-11-12 18:03:00+00:00,69.05000305175781
2025-11-12 18:04:00+00:00,69.04499816894531
2025-11-12 18:05:00+00:00,69.05000305175781
2025-11-12 18:06:00+00:00,69.04499816894531
2025-11-12 18:07:00+00:00,69.04499816894531
2025-11-12 18:08:00+00:00,69.04499816894531
2025-11-12 18:09:00+00:00,69.05999755859375
2025-11-12 18:10:00+00:00,69.05500030517578
2025-11-12 18:11:00+00:00,69.05000305175781
2025-11-12 18:12:00+00:00,69.05500030517578
2025-11-12 18:13:00+00:00,69.04000091552734
2025-11-12 18:14:00+00:00,69.04000091552734
2025-11-12 18:15:00+00:00,69.04000091552734
2025-11-12 18:16:00+00:00,69.04000091552734
2025-11-12 18:17:00+00:00,69.04000091552734
2025-11-12 18:18:00+00:00,69.04000091552734
2025-11-12 18:19:00+00:00,69.04000091552734
2025-11-12 18:20:00+00:00,69.04000091552734
2025-11-12 18:21:00+00:00,69.04499816894531
2025-11-12 18:22:00+00:00,69.04000091552734
2025-11-12 18:23:00+00:00,69.04499816894531
2025-11-12 18:24:00+00:00,69.04499816894531
2025-11-12 18:25:00+00:00,69.04000091552734
2025-11-12 18:26:00+00:00,69.04499816894531
2025-11-12 18:27:00+00:00,69.04000091552734
2025-11-12 18:28:00+00:00,69.04499816894531
2025-11-12 18:29:00+00:00,69.04000091552734
2025-11-12 18:30:00+00:00,69.04000091552734
2025-11-12 18:31:00+00:00,69.02999877929688
2025-11-12 18:32:00+00:00,69.02999877929688
2025-11-12 18:33:00+00:00,69.0250015258789
2025-11-12 18:34:00+00:00,69.01000213623047
2025-11-12 18:35:00+00:00,69.0199966430664
2025-11-12 18:36:00+00:00,69.01499938964844
2025-11-12 18:37:00+00:00,69.0199966430664
2025-11-12 18:38:00+00:00,69.01499938964844
2025-11-12 18:39:00+00:00,69.0199966430664
2025-11-12 18:40:00+00:00,69.0199966430664
2025-11-12 18:41:00+00:00,69.0250015258789
2025-11-12 18:42:00+00:00,69.0250015258789
2025-11-12 18:43:00+00:00,69.0199966430664
2025-11-12 18:44:00+00:00,69.01499938964844
2025-11-12 18:45:00+00:00,69.01499938964844
2025-11-12 18:46:00+00:00,69.0250015258789
2025-11-12 18:47:00+00:00,69.02999877929688
2025-11-12 18:48:00+00:00,69.02970123291016
2025-11-12 18:49:00+00:00,69.0250015258789
2025-11-12 18:50:00+00:00,69.02999877929688
2025-11-12 18:51:00+00:00,69.03500366210938
2025-11-12 18:52:00+00:00,69.0199966430664
2025-11-12 18:53:00+00:00,69.0199966430664
2025-11-12 18:54:00+00:00,69.0250015258789
2025-11-12 18:55:00+00:00,69.01499938964844
2025-11-12 18:56:00+00:00,69.01499938964844
2025-11-12 18:57:00+00:00,69.0250015258789
2025-11-12 18:58:00+00:00,69.0199966430664
2025-11-12 18:59:00+00:00,69.0199966430664
2025-11-12 19:00:00+00:00,69.0199966430664
2025-11-12 19:01:00+00:00,69.01000213623047
2025-11-12 19:02:00+00:00,69.01499938964844
2025-11-12 19:03:00+00:00,69.01499938964844
2025-11-12 19:04:00+00:00,69.01499938964844
2025-11-12 19:05:00+00:00,69.01499938964844
2025-11-12 19:06:00+00:00,69.01499938964844
2025-11-12 19:07:00+00:00,69.00499725341797
2025-11-12 19:08:00+00:00,69.00499725341797
2025-11-12 19:09:00+00:00,69.01000213623047
2025-11-12 19:10:00+00:00,69.01499938964844
2025-11-12 19:11:00+00:00,69.01000213623047
2025-11-12 19:12:00+00:00,69.01000213623047
2025-11-12 19:13:00+00:00,69.01499938964844
2025-11-12 19:14:00+00:00,69.01000213623047
2025-11-12 19:15:00+00:00,69.01000213623047
2025-11-12 19:16:00+00:00,69.01000213623047
2025-11-12 19:17:00+00:00,69.01499938964844
2025-11-12 19:18:00+00:00,69.01499938964844
2025-11-12 19:19:00+00:00,69.0250015258789
2025-11-12 19:20:00+00:00,69.0250015258789
2025-11-12 19:21:00+00:00,69.0250015258789
2025-11-12 19:22:00+00:00,69.0199966430664
2025-11-12 19:23:00+00:00,69.0250015258789
2025-11-12 19:24:00+00:00,69.0199966430664
2025-11-12 19:25:00+00:00,69.01499938964844
2025-11-12 19:26:00+00:00,69.01499938964844
2025-11-12 19:27:00+00:00,69.01499938964844
2025-11-12 19:28:00+00:00,69.01000213623047
2025-11-12 19:29:00+00:00,69.01499938964844
2025-11-12 19:30:00+00:00,69.01499938964844
2025-11-12 19:31:00+00:00,69.01000213623047
2025-11-12 19:32:00+00:00,69.0199966430664
2025-11-12 19:33:00+00:00,69.0199966430664
2025-11-12 19:34:00+00:00,69.01000213623047
2025-11-12 19:35:00+00:00,69.01499938964844
2025-11-12 19:36:00+00:00,69.01499938964844
2025-11-12 19:37:00+00:00,69.01000213623047
2025-11-12 19:38:00+00:00,69.01499938964844
2025-11-12 19:39:00+00:00,69.01000213623047
2025-11-12 19:40:00+00:00,69.01499938964844
2025-11-12 19:41:00+00:00,69.01499938964844
2025-11-12 19:42:00+00:00,69.0199966430664
2025-11-12 19:43:00+00:00,69.01000213623047
2025-11-12 19:44:00+00:00,69.01499938964844
2025-11-12 19:45:00+00:00,69.01000213623047
2025-11-12 19:46:00+00:00,69.01000213623047
2025-11-12 19:47:00+00:00,69.01499938964844
2025-11-12 19:48:00+00:00,69.01499938964844
2025-11-12 19:49:00+00:00,69.01000213623047
2025-11-12 19:50:00+00:00,69.01499938964844
2025-11-12 19:51:00+00:00,69.01499938964844
2025-11-12 19:52:00+00:00,69.01499938964844
2025-11-12 19:53:00+00:00,69.00499725341797
2025-11-12 19:54:00+00:00,69.00499725341797
2025-11-12 19:55:00+00:00,69.00499725341797
2025-11-12 19:56:00+00:00,69.00499725341797
2025-11-12 19:57:00+00:00,69.0
2025-11-12 19:58:00+00:00,69.00499725341797
2025-11-12 19:59:00+00:00,69.00499725341797
2025-11-12 20:00:00+00:00,69.00499725341797
2025-11-12 20:01:00+00:00,69.00499725341797
2025-11-12 20:02:00+00:00,69.01000213623047
2025-11-12 20:03:00+00:00,69.00499725341797
2025-11-12 20:04:00+00:00,69.0
2025-11-12 20:05:00+00:00,69.00499725341797
2025-11-12 20:06:00+00:00,69.0
2025-11-12 20:07:00+00:00,69.00499725341797
2025-11-12 20:08:00+00:00,69.00499725341797
2025-11-12 20:09:00+00:00,69.00499725341797
2025-11-12 20:10:00+00:00,69.00499725341797
2025-11-12 20:11:00+00:00,69.00499725341797
2025-11-12 20:12:00+00:00,69.00499725341797
2025-11-12 20:13:00+00:00,69.00499725341797
2025-11-12 20:14:00+00:00,69.00499725341797
2025-11-12 20:15:00+00:00,69.00499725341797
2025-11-12 20:16:00+00:00,69.01000213623047
2025-11-12 20:17:00+00:00,69.01000213623047
2025-11-12 20:18:00+00:00,69.00499725341797
2025-11-12 20:19:00+00:00,69.00499725341797
2025-11-12 20:20:00+00:00,69.00499725341797
2025-11-12 20:21:00+00:00,69.00499725341797
2025-11-12 20:22:00+00:00,69.01000213623047
2025-11-12 20:23:00+00:00,69.01000213623047
2025-11-12 20:24:00+00:00,69.00499725341797
2025-11-12 20:25:00+00:00,69.00499725341797
2025-11-12 20:26:00+00:00,69.01000213623047
2025-11-12 20:27:00+00:00,69.01000213623047
2025-11-12 20:28:00+00:00,69.0009994506836
2025-11-12 20:29:00+00:00,69.01000213623047
2025-11-12 20:30:00+00:00,69.00499725341797
2025-11-12 20:31:00+00:00,69.00499725341797
2025-11-12 20:32:00+00:00,69.0009994506836
2025-11-12 20:33:00+00:00,69.0
2025-11-12 20:34:00+00:00,69.0
2025-11-12 20:35:00+00:00,69.00499725341797
2025-11-12 20:36:00+00:00,69.0
2025-11-12 20:37:00+00:00,69.00499725341797
2025-11-12 20:38:00+00:00,68.98999786376953
2025-11-12 20:39:00+00:00,68.98999786376953
2025-11-12 20:40:00+00:00,68.9800033569336
2025-11-12 20:41:00+00:00,68.98500061035156
2025-11-12 20:42:00+00:00,68.9800033569336
2025-11-12 20:43:00+00:00,68.98500061035156
2025-11-12 20:44:00+00:00,68.98500061035156
2025-11-12 20:45:00+00:00,68.98500061035156
2025-11-12 20:46:00+00:00,68.98999786376953
2025-11-12 20:47:00+00:00,68.98999786376953
2025-11-12 20:48:00+00:00,68.98500061035156
2025-11-12 20:49:00+00:00,68.98999786376953
2025-11-12 20:50:00+00:00,68.98500061035156
2025-11-12 20:51:00+00:00,68.98999786376953
2025-11-12 20:52:00+00:00,68.98500061035156
2025-11-12 20:53:00+00:00,68.98500061035156
2025-11-12 20:54:00+00:00,68.9800033569336
2025-11-12 20:55:00+00:00,68.9749984741211
2025-11-12 20:56:00+00:00,68.9749984741211
2025-11-12 20:57:00+00:00,68.9800033569336
2025-11-12 20:58:00+00:00,68.96499633789062
2025-11-12 20:59:00+00:00,68.9800033569336
2025-11-13 14:30:00+00:00,68.91999816894531
2025-11-13 14:31:00+00:00,68.94000244140625
2025-11-13 14:32:00+00:00,68.94000244140625
2025-11-13 14:33:00+00:00,68.93000030517578
2025-11-13 14:34:00+00:00,68.88999938964844
2025-11-13 14:35:00+00:00,68.91999816894531
2025-11-13 14:36:00+00:00,68.93000030517578
2025-11-13 14:37:00+00:00,68.93000030517578
2025-11-13 14:38:00+00:00,68.93000030517578
2025-11-13 14:39:00+00:00,68.94000244140625
2025-11-13 14:40:00+00:00,68.97000122070312
2025-11-13 14:41:00+00:00,68.95999908447266
2025-11-13 14:42:00+00:00,68.9800033569336
2025-11-13 14:43:00+00:00,68.97029876708984
2025-11-13 14:44:00+00:00,68.94999694824219
2025-11-13 14:45:00+00:00,68.94999694824219
2025-11-13 14:46:00+00:00,68.94999694824219
2025-11-13 14:47:00+00:00,68.94000244140625
2025-11-13 14:48:00+00:00,68.93000030517578
2025-11-13 14:49:00+00:00,68.93499755859375
2025-11-13 14:50:00+00:00,68.97000122070312
2025-11-13 14:51:00+00:00,68.95999908447266
2025-11-13 14:52:00+00:00,68.95999908447266
2025-11-13 14:53:00+00:00,68.97000122070312
2025-11-13 14:54:00+00:00,68.9800033569336
2025-11-13 14:55:00+00:00,68.9800033569336
2025-11-13 14:57:00+00:00,68.9749984741211
2025-11-13 14:59:00+00:00,68.96499633789062
2025-11-13 15:00:00+00:00,68.95999908447266
2025-11-13 15:01:00+00:00,68.95500183105469
2025-11-13 15:03:00+00:00,68.95500183105469
2025-11-13 15:04:00+00:00,68.94999694824219
2025-11-13 15:05:00+00:00,68.95999908447266
2025-11-13 15:06:00+00:00,68.94999694824219
2025-11-13 15:07:00+00:00,68.94999694824219
2025-11-13 15:08:00+00:00,68.95500183105469
2025-11-13 15:09:00+00:00,68.94000244140625
2025-11-13 15:10:00+00:00,68.94000244140625
2025-11-13 15:11:00+00:00,68.94999694824219
2025-11-13 15:12:00+00:00,68.9000015258789
2025-11-13 15:13:00+00:00,68.91999816894531
2025-11-13 15:14:00+00:00,68.9000015258789
2025-11-13 15:15:00+00:00,68.9000015258789
2025-11-13 15:16:00+00:00,68.875
2025-11-13 15:17:00+00:00,68.91000366210938
2025-11-13 15:18:00+00:00,68.91999816894531
2025-11-13 15:19:00+00:00,68.91999816894531
2025-11-13 15:20:00+00:00,68.93000030517578
2025-11-13 15:21:00+00:00,68.93499755859375
2025-11-13 15:22:00+00:00,68.93000030517578
2025-11-13 15:23:00+00:00,68.91999816894531
2025-11-13 15:24:00+00:00,68.91999816894531
2025-11-13 15:25:00+00:00,68.91999816894531
2025-11-13 15:26:00+00:00,68.91999816894531
2025-11-13 15:27:00+00:00,68.92500305175781
2025-11-13 15:28:00+00:00,68.91999816894531
2025-11-13 15:29:00+00:00,68.93499755859375
2025-11-13 15:30:00+00:00,68.91999816894531
2025-11-13 15:31:00+00:00,68.91999816894531
2025-11-13 15:32:00+00:00,68.91500091552734
2025-11-13 15:33:00+00:00,68.93000030517578
2025-11-13 15:34:00+00:00,68.92500305175781
2025-11-13 15:35:00+00:00,68.91999816894531
2025-11-13 15:36:00+00:00,68.91999816894531
2025-11-13 15:37:00+00:00,68.91999816894531
2025-11-13 15:38:00+00:00,68.91500091552734
2025-11-13 15:39:00+00:00,68.91500091552734
2025-11-13 15:40:00+00:00,68.90499877929688
2025-11-13 15:41:00+00:00,68.91000366210938
2025-11-13 15:42:00+00:00,68.9000015258789
2025-11-13 15:43:00+00:00,68.91999816894531
2025-11-13 15:44:00+00:00,68.91000366210938
2025-11-13 15:45:00+00:00,68.8949966430664
2025-11-13 15:46:00+00:00,68.9000015258789
2025-11-13 15:47:00+00:00,68.88999938964844
2025-11-13 15:48:00+00:00,68.8949966430664
2025-11-13 15:49:00+00:00,68.88999938964844
2025-11-13 15:50:00+00:00,68.88999938964844
2025-11-13 15:51:00+00:00,68.87999725341797
2025-11-13 15:52:00+00:00,68.88999938964844
2025-11-13 15:53:00+00:00,68.9000015258789
2025-11-13 15:54:00+00:00,68.9000015258789
2025-11-13 15:55:00+00:00,68.8949966430664
2025-11-13 15:56:00+00:00,68.8949966430664
2025-11-13 15:57:00+00:00,68.9000015258789
2025-11-13 15:58:00+00:00,68.9000015258789
2025-11-13 15:59:00+00:00,68.9000015258789
2025-11-13 16:00:00+00:00,68.9000015258789
2025-11-13 16:01:00+00:00,68.91999816894531
2025-11-13 16:02:00+00:00,68.91999816894531
2025-11-13 16:03:00+00:00,68.9000015258789
2025-11-13 16:04:00+00:00,68.8949966430664
2025-11-13 16:05:00+00:00,68.88749694824219
2025-11-13 16:06:00+00:00,68.88999938964844
2025-11-13 16:07:00+00:00,68.9000015258789
2025-11-13 16:08:00+00:00,68.88999938964844
2025-11-13 16:09:00+00:00,68.88999938964844
2025-11-13 16:10:00+00:00,68.9000015258789
2025-11-13 16:11:00+00:00,68.8949966430664
2025-11-13 16:12:00+00:00,68.9000015258789
2025-11-13 16:13:00+00:00,68.88999938964844
2025-11-13 16:14:00+00:00,68.8949966430664
2025-11-13 16:15:00+00:00,68.88999938964844
2025-11-13 16:16:00+00:00,68.88999938964844
2025-11-13 16:17:00+00:00,68.9000015258789
2025-11-13 16:18:00+00:00,68.88999938964844
2025-11-13 16:19:00+00:00,68.88999938964844
2025-11-13 16:20:00+00:00,68.8949966430664
2025-11-13 16:21:00+00:00,68.87999725341797
2025-11-13 16:22:00+00:00,68.88500213623047
2025-11-13 16:23:00+00:00,68.875
2025-11-13 16:24:00+00:00,68.87000274658203
2025-11-13 16:25:00+00:00,68.875
2025-11-13 16:26:00+00:00,68.875
2025-11-13 16:27:00+00:00,68.875
2025-11-13 16:28:00+00:00,68.87999725341797
2025-11-13 16:29:00+00:00,68.875
2025-11-13 16:30:00+00:00,68.875
2025-11-13 16:31:00+00:00,68.875
2025-11-13 16:32:00+00:00,68.87999725341797
2025-11-13 16:33:00+00:00,68.88999938964844
2025-11-13 16:34:00+00:00,68.9000015258789
2025-11-13 16:35:00+00:00,68.9000015258789
2025-11-13 16:36:00+00:00,68.8949966430664
2025-11-13 16:37:00+00:00,68.88999938964844
2025-11-13 16:38:00+00:00,68.88500213623047
2025-11-13 16:39:00+00:00,68.88500213623047
2025-11-13 16:40:00+00:00,68.87999725341797
2025-11-13 16:41:00+00:00,68.875
2025-11-13 16:42:00+00:00,68.875
2025-11-13 16:43:00+00:00,68.875
2025-11-13 16:44:00+00:00,68.88500213623047
2025-11-13 16:45:00+00:00,68.87999725341797
2025-11-13 16:46:00+00:00,68.87999725341797
2025-11-13 16:47:00+00:00,68.87999725341797
2025-11-13 16:48:00+00:00,68.88500213623047
2025-11-13 16:50:00+00:00,68.88500213623047
2025-11-13 16:51:00+00:00,68.88999938964844
2025-11-13 16:52:00+00:00,68.88999938964844
2025-11-13 16:54:00+00:00,68.88999938964844
2025-11-13 16:56:00+00:00,68.87999725341797
2025-11-13 16:57:00+00:00,68.8949966430664
2025-11-13 16:58:00+00:00,68.88999938964844
2025-11-13 16:59:00+00:00,68.88999938964844
2025-11-13 17:00:00+00:00,68.8949966430664
2025-11-13 17:01:00+00:00,68.87999725341797
2025-11-13 17:02:00+00:00,68.87999725341797
2025-11-13 17:03:00+00:00,68.88829803466797
2025-11-13 17:04:00+00:00,68.9000015258789
2025-11-13 17:05:00+00:00,68.88999938964844
2025-11-13 17:06:00+00:00,68.88999938964844
2025-11-13 17:07:00+00:00,68.8949966430664
2025-11-13 17:08:00+00:00,68.88999938964844
2025-11-13 17:09:00+00:00,68.88500213623047
2025-11-13 17:10:00+00:00,68.88500213623047
2025-11-13 17:11:00+00:00,68.87999725341797
2025-11-13 17:13:00+00:00,68.88999938964844
2025-11-13 17:15:00+00:00,68.87999725341797
2025-11-13 17:16:00+00:00,68.87999725341797
2025-11-13 17:17:00+00:00,68.87999725341797
2025-11-13 17:18:00+00:00,68.87999725341797
2025-11-13 17:19:00+00:00,68.88500213623047
2025-11-13 17:21:00+00:00,68.88999938964844
2025-11-13 17:22:00+00:00,68.87999725341797
2025-11-13 17:23:00+00:00,68.88999938964844
2025-11-13 17:25:00+00:00,68.875
2025-11-13 17:26:00+00:00,68.87999725341797
2025-11-13 17:27:00+00:00,68.875
2025-11-13 17:28:00+00:00,68.87999725341797
2025-11-13 17:29:00+00:00,68.88500213623047
2025-11-13 17:30:00+00:00,68.88999938964844
2025-11-13 17:32:00+00:00,68.88500213623047
2025-11-13 17:34:00+00:00,68.87999725341797
2025-11-13 17:35:00+00:00,68.87999725341797
2025-11-13 17:36:00+00:00,68.87000274658203
2025-11-13 17:37:00+00:00,68.875
2025-11-13 17:38:00+00:00,68.875
2025-11-13 17:39:00+00:00,68.8949966430664
2025-11-13 17:40:00+00:00,68.8949966430664
2025-11-13 17:41:00+00:00,68.88999938964844
2025-11-13 17:42:00+00:00,68.88999938964844
2025-11-13 17:43:00+00:00,68.88999938964844
2025-11-13 17:44:00+00:00,68.88500213623047
2025-11-13 17:45:00+00:00,68.88999938964844
2025-11-13 17:46:00+00:00,68.88500213623047
2025-11-13 17:47:00+00:00,68.87999725341797
2025-11-13 17:48:00+00:00,68.87999725341797
2025-11-13 17:49:00+00:00,68.8949966430664
2025-11-13 17:50:00+00:00,68.8949966430664
2025-11-13 17:51:00+00:00,68.8949966430664
2025-11-13 17:52:00+00:00,68.88500213623047
2025-11-13 17:54:00+00:00,68.88500213623047
2025-11-13 17:55:00+00:00,68.88500213623047
2025-11-13 17:56:00+00:00,68.87999725341797
2025-11-13 17:57:00+00:00,68.875
2025-11-13 17:58:00+00:00,68.87999725341797
2025-11-13 17:59:00+00:00,68.88500213623047
2025-11-13 18:00:00+00:00,68.87999725341797
2025-11-13 18:01:00+00:00,68.87999725341797
2025-11-13 18:02:00+00:00,68.9000015258789
2025-11-13 18:03:00+00:00,68.91000366210938
2025-11-13 18:04:00+00:00,68.90499877929688
2025-11-13 18:05:00+00:00,68.90399932861328
2025-11-13 18:06:00+00:00,68.91000366210938
2025-11-13 18:07:00+00:00,68.91500091552734
2025-11-13 18:08:00+00:00,68.91500091552734
2025-11-13 18:09:00+00:00,68.91500091552734
2025-11-13 18:10:00+00:00,68.91000366210938
2025-11-13 18:11:00+00:00,68.91000366210938
2025-11-13 18:12:00+00:00,68.91000366210938
2025-11-13 18:13:00+00:00,68.91000366210938
2025-11-13 18:14:00+00:00,68.91000366210938
2025-11-13 18:15:00+00:00,68.91000366210938
2025-11-13 18:16:00+00:00,68.90499877929688
2025-11-13 18:17:00+00:00,68.8949966430664
2025-11-13 18:18:00+00:00,68.88999938964844
2025-11-13 18:19:00+00:00,68.88500213623047
2025-11-13 18:20:00+00:00,68.88500213623047
2025-11-13 18:21:00+00:00,68.88500213623047
2025-11-13 18:22:00+00:00,68.8949966430664
2025-11-13 18:23:00+00:00,68.8949966430664
2025-11-13 18:24:00+00:00,68.88999938964844
2025-11-13 18:25:00+00:00,68.8949966430664
2025-11-13 18:26:00+00:00,68.88999938964844
2025-11-13 18:27:00+00:00,68.8949966430664
2025-11-13 18:28:00+00:00,68.9000015258789
2025-11-13 18:29:00+00:00,68.91000366210938
2025-11-13 18:30:00+00:00,68.9000015258789
2025-11-13 18:31:00+00:00,68.90499877929688
2025-11-13 18:32:00+00:00,68.91000366210938
2025-11-13 18:33:00+00:00,68.90499877929688
2025-11-13 18:34:00+00:00,68.90499877929688
2025-11-13 18:35:00+00:00,68.90499877929688
2025-11-13 18:36:00+00:00,68.8949966430664
2025-11-13 18:37:00+00:00,68.9000015258789
2025-11-13 18:38:00+00:00,68.88999938964844
2025-11-13 18:39:00+00:00,68.88500213623047
2025-11-13 18:40:00+00:00,68.9000015258789
2025-11-13 18:41:00+00:00,68.9000015258789
2025-11-13 18:43:00+00:00,68.8949966430664
2025-11-13 18:44:00+00:00,68.88999938964844
2025-11-13 18:45:00+00:00,68.9000015258789
2025-11-13 18:46:00+00:00,68.88999938964844
2025-11-13 18:47:00+00:00,68.88999938964844
2025-11-13 18:48:00+00:00,68.88999938964844
2025-11-13 18:49:00+00:00,68.88999938964844
2025-11-13 18:50:00+00:00,68.9000015258789
2025-11-13 18:51:00+00:00,68.88999938964844
2025-11-13 18:52:00+00:00,68.88999938964844
2025-11-13 18:53:00+00:00,68.9000015258789
2025-11-13 18:54:00+00:00,68.88999938964844
2025-11-13 18:55:00+00:00,68.88999938964844
2025-11-13 18:56:00+00:00,68.88999938964844
2025-11-13 18:58:00+00:00,68.88999938964844
2025-11-13 18:59:00+00:00,68.88999938964844
2025-11-13 19:00:00+00:00,68.9000015258789
2025-11-13 19:01:00+00:00,68.88999938964844
2025-11-13 19:02:00+00:00,68.8949966430664
2025-11-13 19:03:00+00:00,68.9000015258789
2025-11-13 19:04:00+00:00,68.8949966430664
2025-11-13 19:05:00+00:00,68.9000015258789
2025-11-13 19:06:00+00:00,68.8949966430664
2025-11-13 19:07:00+00:00,68.8949966430664
2025-11-13 19:08:00+00:00,68.8949966430664
2025-11-13 19:09:00+00:00,68.88999938964844
2025-11-13 19:10:00+00:00,68.88999938964844
2025-11-13 19:11:00+00:00,68.8949966430664
2025-11-13 19:12:00+00:00,68.9000015258789
2025-11-13 19:13:00+00:00,68.8949966430664
2025-11-13 19:14:00+00:00,68.8949966430664
2025-11-13 19:15:00+00:00,68.8949966430664
2025-11-13 19:16:00+00:00,68.8949966430664
2025-11-13 19:17:00+00:00,68.9000015258789
2025-11-13 19:18:00+00:00,68.8949966430664
2025-11-13 19:19:00+00:00,68.89540100097656
2025-11-13 19:20:00+00:00,68.8949966430664
2025-11-13 19:21:00+00:00,68.8949966430664
2025-11-13 19:22:00+00:00,68.9000015258789
2025-11-13 19:23:00+00:00,68.88999938964844
2025-11-13 19:24:00+00:00,68.88999938964844
2025-11-13 19:25:00+00:00,68.8949966430664
2025-11-13 19:26:00+00:00,68.88999938964844
2025-11-13 19:28:00+00:00,68.9000015258789
2025-11-13 19:29:00+00:00,68.8949966430664
2025-11-13 19:30:00+00:00,68.9000015258789
2025-11-13 19:31:00+00:00,68.8949966430664
2025-11-13 19:32:00+00:00,68.9000015258789
2025-11-13 19:33:00+00:00,68.9000015258789
2025-11-13 19:34:00+00:00,68.8949966430664
2025-11-13 19:35:00+00:00,68.90499877929688
2025-11-13 19:36:00+00:00,68.90499877929688
2025-11-13 19:37:00+00:00,68.90499877929688
2025-11-13 19:38:00+00:00,68.8949966430664
2025-11-13 19:39:00+00:00,68.8949966430664
2025-11-13 19:40:00+00:00,68.8949966430664
2025-11-13 19:41:00+00:00,68.90499877929688
2025-11-13 19:42:00+00:00,68.8949966430664
2025-11-13 19:43:00+00:00,68.9000015258789
2025-11-13 19:44:00+00:00,68.8949966430664
2025-11-13 19:45:00+00:00,68.8949966430664
2025-11-13 19:46:00+00:00,68.8949966430664
2025-11-13 19:47:00+00:00,68.8949966430664
2025-11-13 19:48:00+00:00,68.8949966430664
2025-11-13 19:49:00+00:00,68.8949966430664
2025-11-13 19:50:00+00:00,68.9000015258789
2025-11-13 19:51:00+00:00,68.8949966430664
2025-11-13 19:52:00+00:00,68.9000015258789
2025-11-13 19:53:00+00:00,68.9000015258789
2025-11-13 19:54:00+00:00,68.9000015258789
2025-11-13 19:55:00+00:00,68.8949966430664
2025-11-13 19:56:00+00:00,68.87999725341797
2025-11-13 19:57:00+00:00,68.87999725341797
2025-11-13 19:58:00+00:00,68.88500213623047
2025-11-13 19:59:00+00:00,68.87999725341797
2025-11-13 20:00:00+00:00,68.88999938964844
2025-11-13 20:01:00+00:00,68.87999725341797
2025-11-13 20:02:00+00:00,68.875
2025-11-13 20:03:00+00:00,68.875
2025-11-13 20:04:00+00:00,68.875
2025-11-13 20:05:00+00:00,68.875
2025-11-13 20:06:00+00:00,68.875
2025-11-13 20:07:00+00:00,68.87999725341797
2025-11-13 20:08:00+00:00,68.875
2025-11-13 20:09:00+00:00,68.875
2025-11-13 20:10:00+00:00,68.87000274658203
2025-11-13 20:11:00+00:00,68.86499786376953
2025-11-13 20:12:00+00:00,68.875
2025-11-13 20:13:00+00:00,68.87999725341797
2025-11-13 20:14:00+00:00,68.875
2025-11-13 20:15:00+00:00,68.875
2025-11-13 20:16:00+00:00,68.875
2025-11-13 20:17:00+00:00,68.87000274658203
2025-11-13 20:18:00+00:00,68.875
2025-11-13 20:19:00+00:00,68.87999725341797
2025-11-13 20:20:00+00:00,68.87000274658203
2025-11-13 20:21:00+00:00,68.875
2025-11-13 20:22:00+00:00,68.87999725341797
2025-11-13 20:23:00+00:00,68.875
2025-11-13 20:24:00+00:00,68.875
2025-11-13 20:25:00+00:00,68.875
2025-11-13 20:26:00+00:00,68.875
2025-11-13 20:27:00+00:00,68.88500213623047
2025-11-13 20:28:00+00:00,68.88500213623047
2025-11-13 20:29:00+00:00,68.87999725341797
2025-11-13 20:30:00+00:00,68.88500213623047
2025-11-13 20:31:00+00:00,68.87999725341797
2025-11-13 20:32:00+00:00,68.87999725341797
2025-11-13 20:33:00+00:00,68.87999725341797
2025-11-13 20:34:00+00:00,68.88500213623047
2025-11-13 20:35:00+00:00,68.88999938964844
2025-11-13 20:36:00+00:00,68.8949966430664
2025-11-13 20:37:00+00:00,68.8949966430664
2025-11-13 20:38:00+00:00,68.91000366210938
2025-11-13 20:39:00+00:00,68.9010009765625
2025-11-13 20:40:00+00:00,68.90499877929688
2025-11-13 20:41:00+00:00,68.90499877929688
2025-11-13 20:42:00+00:00,68.9010009765625
2025-11-13 20:43:00+00:00,68.90499877929688
2025-11-13 20:44:00+00:00,68.90499877929688
2025-11-13 20:45:00+00:00,68.90350341796875
2025-11-13 20:46:00+00:00,68.91000366210938
2025-11-13 20:47:00+00:00,68.91500091552734
2025-11-13 20:48:00+00:00,68.91500091552734
2025-11-13 20:49:00+00:00,68.91500091552734
2025-11-13 20:50:00+00:00,68.91000366210938
2025-11-13 20:51:00+00:00,68.90499877929688
2025-11-13 20:52:00+00:00,68.91000366210938
2025-11-13 20:53:00+00:00,68.91000366210938
2025-11-13 20:54:00+00:00,68.93499755859375
2025-11-13 20:55:00+00:00,68.93499755859375
2025-11-13 20:56:00+00:00,68.94499969482422
2025-11-13 20:57:00+00:00,68.94000244140625
2025-11-13 20:58:00+00:00,68.9000015258789
2025-11-13 20:59:00+00:00,68.91000366210938
2025-11-14 14:30:00+00:00,68.9000015258789
2025-11-14 14:31:00+00:00,68.87000274658203
2025-11-14 14:32:00+00:00,68.87999725341797
2025-11-14 14:33:00+00:00,68.87899780273438
2025-11-14 14:34:00+00:00,68.87000274658203
2025-11-14 14:35:00+00:00,68.88400268554688
2025-11-14 14:36:00+00:00,68.87000274658203
2025-11-14 14:37:00+00:00,68.86399841308594
2025-11-14 14:38:00+00:00,68.86000061035156
2025-11-14 14:39:00+00:00,68.88999938964844
2025-11-14 14:40:00+00:00,68.89399719238281
2025-11-14 14:41:00+00:00,68.88999938964844
2025-11-14 14:42:00+00:00,68.9000015258789
2025-11-14 14:43:00+00:00,68.91000366210938
2025-11-14 14:44:00+00:00,68.9000015258789
2025-11-14 14:45:00+00:00,68.8949966430664
2025-11-14 14:46:00+00:00,68.86000061035156
2025-11-14 14:47:00+00:00,68.87899780273438
2025-11-14 14:48:00+00:00,68.91000366210938
2025-11-14 14:49:00+00:00,68.9000015258789
2025-11-14 14:50:00+00:00,68.88999938964844
2025-11-14 14:51:00+00:00,68.90899658203125
2025-11-14 14:52:00+00:00,68.87999725341797
2025-11-14 14:53:00+00:00,68.88089752197266
2025-11-14 14:54:00+00:00,68.88999938964844
2025-11-14 14:55:00+00:00,68.9000015258789
2025-11-14 14:56:00+00:00,68.87999725341797
2025-11-14 14:58:00+00:00,68.88999938964844
2025-11-14 14:59:00+00:00,68.8949966430664
2025-11-14 15:00:00+00:00,68.86000061035156
2025-11-14 15:01:00+00:00,68.86799621582031
2025-11-14 15:02:00+00:00,68.86000061035156
2025-11-14 15:03:00+00:00,68.875
2025-11-14 15:04:00+00:00,68.86000061035156
2025-11-14 15:05:00+00:00,68.8550033569336
2025-11-14 15:06:00+00:00,68.85900115966797
2025-11-14 15:07:00+00:00,68.86399841308594
2025-11-14 15:08:00+00:00,68.86000061035156
2025-11-14 15:09:00+00:00,68.87699890136719
2025-11-14 15:10:00+00:00,68.87000274658203
2025-11-14 15:12:00+00:00,68.88999938964844
2025-11-14 15:13:00+00:00,68.87999725341797
2025-11-14 15:14:00+00:00,68.87999725341797
2025-11-14 15:15:00+00:00,68.87999725341797
2025-11-14 15:16:00+00:00,68.88999938964844
2025-11-14 15:17:00+00:00,68.9000015258789
2025-11-14 15:18:00+00:00,68.91999816894531
2025-11-14 15:19:00+00:00,68.91000366210938
2025-11-14 15:20:00+00:00,68.91500091552734
2025-11-14 15:21:00+00:00,68.93000030517578
2025-11-14 15:22:00+00:00,68.94000244140625
2025-11-14 15:23:00+00:00,68.91000366210938
2025-11-14 15:24:00+00:00,68.90499877929688
2025-11-14 15:25:00+00:00,68.91000366210938
2025-11-14 15:26:00+00:00,68.91000366210938
2025-11-14 15:27:00+00:00,68.91000366210938
2025-11-14 15:28:00+00:00,68.9000015258789
2025-11-14 15:29:00+00:00,68.90499877929688
2025-11-14 15:30:00+00:00,68.91000366210938
2025-11-14 15:31:00+00:00,68.9000015258789
2025-11-14 15:32:00+00:00,68.92500305175781
2025-11-14 15:33:00+00:00,68.91999816894531
2025-11-14 15:34:00+00:00,68.9000015258789
2025-11-14 15:35:00+00:00,68.91999816894531
2025-11-14 15:36:00+00:00,68.91999816894531
2025-11-14 15:37:00+00:00,68.93499755859375
2025-11-14 15:38:00+00:00,68.93000030517578
2025-11-14 15:39:00+00:00,68.91500091552734
2025-11-14 15:40:00+00:00,68.9000015258789
2025-11-14 15:42:00+00:00,68.90499877929688
2025-11-14 15:43:00+00:00,68.88999938964844
2025-11-14 15:44:00+00:00,68.93000030517578
2025-11-14 15:45:00+00:00,68.93499755859375
2025-11-14 15:46:00+00:00,68.94499969482422
2025-11-14 15:47:00+00:00,68.94499969482422
2025-11-14 15:48:00+00:00,68.95999908447266
2025-11-14 15:49:00+00:00,68.94999694824219
2025-11-14 15:50:00+00:00,68.93000030517578
2025-11-14 15:51:00+00:00,68.94400024414062
2025-11-14 15:52:00+00:00,68.94499969482422
2025-11-14 15:53:00+00:00,68.96499633789062
2025-11-14 15:54:00+00:00,68.95500183105469
2025-11-14 15:55:00+00:00,68.95500183105469
2025-11-14 15:56:00+00:00,68.95500183105469
2025-11-14 15:57:00+00:00,68.95500183105469
2025-11-14 15:58:00+00:00,68.93000030517578
2025-11-14 15:59:00+00:00,68.94999694824219
2025-11-14 16:00:00+00:00,68.94000244140625
2025-11-14 16:01:00+00:00,68.94000244140625
2025-11-14 16:02:00+00:00,68.93000030517578
2025-11-14 16:03:00+00:00,68.91500091552734
2025-11-14 16:04:00+00:00,68.9000015258789
2025-11-14 16:05:00+00:00,68.9000015258789
2025-11-14 16:06:00+00:00,68.8949966430664
2025-11-14 16:07:00+00:00,68.9000015258789
2025-11-14 16:08:00+00:00,68.88500213623047
2025-11-14 16:09:00+00:00,68.88999938964844
2025-11-14 16:10:00+00:00,68.91000366210938
2025-11-14 16:11:00+00:00,68.92500305175781
2025-11-14 16:12:00+00:00,68.93499755859375
2025-11-14 16:13:00+00:00,68.94499969482422
2025-11-14 16:14:00+00:00,68.94499969482422
2025-11-14 16:15:00+00:00,68.93000030517578
2025-11-14 16:16:00+00:00,68.91999816894531
2025-11-14 16:17:00+00:00,68.91500091552734
2025-11-14 16:18:00+00:00,68.91500091552734
2025-11-14 16:19:00+00:00,68.91999816894531
2025-11-14 16:20:00+00:00,68.91000366210938
2025-11-14 16:21:00+00:00,68.91500091552734
2025-11-14 16:22:00+00:00,68.92500305175781
2025-11-14 16:23:00+00:00,68.91500091552734
2025-11-14 16:24:00+00:00,68.91999816894531
2025-11-14 16:25:00+00:00,68.92500305175781
2025-11-14 16:26:00+00:00,68.91999816894531
2025-11-14 16:27:00+00:00,68.92500305175781
2025-11-14 16:28:00+00:00,68.91999816894531
2025-11-14 16:29:00+00:00,68.91999816894531
2025-11-14 16:30:00+00:00,68.91999816894531
2025-11-14 16:31:00+00:00,68.91999816894531
2025-11-14 16:32:00+00:00,68.91500091552734
2025-11-14 16:33:00+00:00,68.90499877929688
2025-11-14 16:34:00+00:00,68.91000366210938
2025-11-14 16:35:00+00:00,68.90499877929688
2025-11-14 16:36:00+00:00,68.91500091552734
2025-11-14 16:37:00+00:00,68.91500091552734
2025-11-14 16:38:00+00:00,68.92500305175781
2025-11-14 16:39:00+00:00,68.94499969482422
2025-11-14 16:40:00+00:00,68.94999694824219
2025-11-14 16:41:00+00:00,68.94999694824219
2025-11-14 16:42:00+00:00,68.94999694824219
2025-11-14 16:43:00+00:00,68.94999694824219
2025-11-14 16:44:00+00:00,68.94999694824219
2025-11-14 16:45:00+00:00,68.94499969482422
2025-11-14 16:46:00+00:00,68.94499969482422
2025-11-14 16:47:00+00:00,68.94000244140625
2025-11-14 16:48:00+00:00,68.94999694824219
2025-11-14 16:49:00+00:00,68.95500183105469
2025-11-14 16:50:00+00:00,68.95500183105469
2025-11-14 16:51:00+00:00,68.94499969482422
2025-11-14 16:52:00+00:00,68.94499969482422
2025-11-14 16:53:00+00:00,68.94000244140625
2025-11-14 16:54:00+00:00,68.94499969482422
2025-11-14 16:55:00+00:00,68.94999694824219
2025-11-14 16:56:00+00:00,68.94499969482422
2025-11-14 16:57:00+00:00,68.94499969482422
2025-11-14 16:58:00+00:00,68.95500183105469
2025-11-14 16:59:00+00:00,68.95500183105469
2025-11-14 17:00:00+00:00,68.94999694824219
2025-11-14 17:01:00+00:00,68.94999694824219
2025-11-14 17:02:00+00:00,68.94999694824219
2025-11-14 17:03:00+00:00,68.94999694824219
2025-11-14 17:04:00+00:00,68.95500183105469
2025-11-14 17:05:00+00:00,68.95500183105469
2025-11-14 17:06:00+00:00,68.94999694824219
2025-11-14 17:07:00+00:00,68.94499969482422
2025-11-14 17:08:00+00:00,68.95500183105469
2025-11-14 17:09:00+00:00,68.94999694824219
2025-11-14 17:10:00+00:00,68.94999694824219
2025-11-14 17:11:00+00:00,68.95999908447266
2025-11-14 17:12:00+00:00,68.94999694824219
2025-11-14 17:13:00+00:00,68.95999908447266
2025-11-14 17:14:00+00:00,68.94999694824219
2025-11-14 17:15:00+00:00,68.95999908447266
2025-11-14 17:16:00+00:00,68.95500183105469
2025-11-14 17:18:00+00:00,68.97000122070312
2025-11-14 17:19:00+00:00,68.97000122070312
2025-11-14 17:20:00+00:00,68.96499633789062
2025-11-14 17:21:00+00:00,68.97000122070312
2025-11-14 17:22:00+00:00,68.95999908447266
2025-11-14 17:23:00+00:00,68.96499633789062
2025-11-14 17:24:00+00:00,68.95999908447266
2025-11-14 17:25:00+00:00,68.94999694824219
2025-11-14 17:26:00+00:00,68.94999694824219
2025-11-14 17:27:00+00:00,68.94499969482422
2025-11-14 17:29:00+00:00,68.94499969482422
2025-11-14 17:30:00+00:00,68.94999694824219
2025-11-14 17:31:00+00:00,68.95500183105469
2025-11-14 17:32:00+00:00,68.95999908447266
2025-11-14 17:34:00+00:00,68.96499633789062
2025-11-14 17:35:00+00:00,68.97000122070312
2025-11-14 17:36:00+00:00,68.97000122070312
2025-11-14 17:37:00+00:00,68.96499633789062
2025-11-14 17:38:00+00:00,68.97000122070312
2025-11-14 17:39:00+00:00,68.95999908447266
2025-11-14 17:40:00+00:00,68.95999908447266
2025-11-14 17:41:00+00:00,68.94999694824219
2025-11-14 17:42:00+00:00,68.95500183105469
2025-11-14 17:43:00+00:00,68.94499969482422
2025-11-14 17:44:00+00:00,68.94999694824219
2025-11-14 17:45:00+00:00,68.94999694824219
2025-11-14 17:46:00+00:00,68.94000244140625
2025-11-14 17:47:00+00:00,68.94000244140625
2025-11-14 17:48:00+00:00,68.94000244140625
2025-11-14 17:49:00+00:00,68.94499969482422
2025-11-14 17:50:00+00:00,68.94499969482422
2025-11-14 17:51:00+00:00,68.94499969482422
2025-11-14 17:52:00+00:00,68.94000244140625
2025-11-14 17:53:00+00:00,68.94999694824219
2025-11-14 17:54:00+00:00,68.94499969482422
2025-11-14 17:55:00+00:00,68.94499969482422
2025-11-14 17:56:00+00:00,68.94499969482422
2025-11-14 17:57:00+00:00,68.94999694824219
2025-11-14 17:58:00+00:00,68.94000244140625
2025-11-14 17:59:00+00:00,68.94499969482422
2025-11-14 18:00:00+00:00,68.94499969482422
2025-11-14 18:01:00+00:00,68.94499969482422
2025-11-14 18:02:00+00:00,68.93000030517578
2025-11-14 18:03:00+00:00,68.92500305175781
2025-11-14 18:04:00+00:00,68.93000030517578
2025-11-14 18:05:00+00:00,68.94000244140625
2025-11-14 18:06:00+00:00,68.94999694824219
2025-11-14 18:07:00+00:00,68.94999694824219
2025-11-14 18:08:00+00:00,68.93499755859375
2025-11-14 18:09:00+00:00,68.94000244140625
2025-11-14 18:10:00+00:00,68.94499969482422
2025-11-14 18:11:00+00:00,68.95999908447266
2025-11-14 18:12:00+00:00,68.95999908447266
2025-11-14 18:13:00+00:00,68.97000122070312
2025-11-14 18:14:00+00:00,68.96499633789062
2025-11-14 18:15:00+00:00,68.95500183105469
2025-11-14 18:16:00+00:00,68.97000122070312
2025-11-14 18:17:00+00:00,68.97000122070312
2025-11-14 18:18:00+00:00,68.97000122070312
2025-11-14 18:19:00+00:00,68.95999908447266
2025-11-14 18:20:00+00:00,68.94999694824219
2025-11-14 18:21:00+00:00,68.95999908447266
2025-11-14 18:22:00+00:00,68.96499633789062
2025-11-14 18:23:00+00:00,68.9800033569336
2025-11-14 18:24:00+00:00,68.97000122070312
2025-11-14 18:25:00+00:00,68.9749984741211
2025-11-14 18:26:00+00:00,68.97000122070312
2025-11-14 18:27:00+00:00,68.9800033569336
2025-11-14 18:28:00+00:00,68.9800033569336
2025-11-14 18:29:00+00:00,68.9749984741211
2025-11-14 18:30:00+00:00,68.97000122070312
2025-11-14 18:31:00+00:00,68.97000122070312
2025-11-14 18:32:00+00:00,68.97000122070312
2025-11-14 18:33:00+00:00,68.97000122070312
2025-11-14 18:34:00+00:00,68.97000122070312
2025-11-14 18:35:00+00:00,68.97000122070312
2025-11-14 18:36:00+00:00,68.95999908447266
2025-11-14 18:37:00+00:00,68.97000122070312
2025-11-14 18:38:00+00:00,68.96499633789062
2025-11-14 18:39:00+00:00,68.96499633789062
2025-11-14 18:40:00+00:00,68.95999908447266
2025-11-14 18:41:00+00:00,68.95999908447266
2025-11-14 18:43:00+00:00,68.95999908447266
2025-11-14 18:44:00+00:00,68.95999908447266
2025-11-14 18:45:00+00:00,68.95999908447266
2025-11-14 18:46:00+00:00,68.94999694824219
2025-11-14 18:47:00+00:00,68.95500183105469
2025-11-14 18:48:00+00:00,68.94999694824219
2025-11-14 18:49:00+00:00,68.95500183105469
2025-11-14 18:50:00+00:00,68.95999908447266
2025-11-14 18:51:00+00:00,68.96499633789062
2025-11-14 18:52:00+00:00,68.97000122070312
2025-11-14 18:53:00+00:00,68.9800033569336
2025-11-14 18:54:00+00:00,68.9800033569336
2025-11-14 18:55:00+00:00,68.97000122070312
2025-11-14 18:56:00+00:00,68.97000122070312
2025-11-14 18:57:00+00:00,68.97000122070312
2025-11-14 18:58:00+00:00,68.9800033569336
2025-11-14 18:59:00+00:00,68.9749984741211
2025-11-14 19:00:00+00:00,68.9749984741211
2025-11-14 19:01:00+00:00,68.9749984741211
2025-11-14 19:02:00+00:00,68.9749984741211
2025-11-14 19:04:00+00:00,68.9749984741211
2025-11-14 19:05:00+00:00,68.9749984741211
2025-11-14 19:06:00+00:00,68.9800033569336
2025-11-14 19:07:00+00:00,68.9749984741211
2025-11-14 19:08:00+00:00,68.97000122070312
2025-11-14 19:09:00+00:00,68.9800033569336
2025-11-14 19:10:00+00:00,68.9800033569336
2025-11-14 19:11:00+00:00,68.96499633789062
2025-11-14 19:12:00+00:00,68.96499633789062
2025-11-14 19:14:00+00:00,68.95999908447266
2025-11-14 19:15:00+00:00,68.94999694824219
2025-11-14 19:16:00+00:00,68.94999694824219
2025-11-14 19:17:00+00:00,68.94999694824219
2025-11-14 19:18:00+00:00,68.95999908447266
2025-11-14 19:19:00+00:00,68.94999694824219
2025-11-14 19:20:00+00:00,68.94999694824219
2025-11-14 19:21:00+00:00,68.95999908447266
2025-11-14 19:22:00+00:00,68.98249816894531
2025-11-14 19:23:00+00:00,68.9800033569336
2025-11-14 19:25:00+00:00,68.97000122070312
2025-11-14 19:26:00+00:00,68.97000122070312
2025-11-14 19:27:00+00:00,68.9749984741211
2025-11-14 19:29:00+00:00,68.97000122070312
2025-11-14 19:30:00+00:00,68.9749984741211
2025-11-14 19:31:00+00:00,68.97000122070312
2025-11-14 19:32:00+00:00,68.9800033569336
2025-11-14 19:33:00+00:00,68.9800033569336
2025-11-14 19:34:00+00:00,68.9800033569336
2025-11-14 19:35:00+00:00,68.98500061035156
2025-11-14 19:36:00+00:00,68.9800033569336
2025-11-14 19:37:00+00:00,68.9800033569336
2025-11-14 19:38:00+00:00,68.9800033569336
2025-11-14 19:39:00+00:00,68.99500274658203
2025-11-14 19:40:00+00:00,68.98500061035156
2025-11-14 19:41:00+00:00,68.98999786376953
2025-11-14 19:43:00+00:00,68.99500274658203
2025-11-14 19:44:00+00:00,68.98999786376953
2025-11-14 19:45:00+00:00,69.0
2025-11-14 19:46:00+00:00,69.0199966430664
2025-11-14 19:47:00+00:00,69.01000213623047
2025-11-14 19:48:00+00:00,69.00499725341797
2025-11-14 19:49:00+00:00,69.0199966430664
2025-11-14 19:50:00+00:00,69.01499938964844
2025-11-14 19:51:00+00:00,69.0199966430664
2025-11-14 19:52:00+00:00,69.0250015258789
2025-11-14 19:53:00+00:00,69.02999877929688
2025-11-14 19:54:00+00:00,69.02999877929688
2025-11-14 19:55:00+00:00,69.0199966430664
2025-11-14 19:56:00+00:00,69.0199966430664
2025-11-14 19:57:00+00:00,69.0250015258789
2025-11-14 19:58:00+00:00,69.0199966430664
2025-11-14 19:59:00+00:00,69.0250015258789
2025-11-14 20:00:00+00:00,69.02999877929688
2025-11-14 20:01:00+00:00,69.02999877929688
2025-11-14 20:02:00+00:00,69.03500366210938
2025-11-14 20:03:00+00:00,69.03500366210938
2025-11-14 20:04:00+00:00,69.03500366210938
2025-11-14 20:05:00+00:00,69.04499816894531
2025-11-14 20:06:00+00:00,69.04499816894531
2025-11-14 20:07:00+00:00,69.04499816894531
2025-11-14 20:08:00+00:00,69.04000091552734
2025-11-14 20:09:00+00:00,69.0343017578125
2025-11-14 20:10:00+00:00,69.04000091552734
2025-11-14 20:11:00+00:00,69.03500366210938
2025-11-14 20:12:00+00:00,69.02999877929688
2025-11-14 20:13:00+00:00,69.0199966430664
2025-11-14 20:14:00+00:00,69.01499938964844
2025-11-14 20:15:00+00:00,69.01000213623047
2025-11-14 20:16:00+00:00,69.01499938964844
2025-11-14 20:17:00+00:00,69.01000213623047
2025-11-14 20:18:00+00:00,69.0199966430664
2025-11-14 20:19:00+00:00,69.0199966430664
2025-11-14 20:20:00+00:00,69.01499938964844
2025-11-14 20:21:00+00:00,69.01499938964844
2025-11-14 20:22:00+00:00,69.01499938964844
2025-11-14 20:23:00+00:00,69.01499938964844
2025-11-14 20:24:00+00:00,69.01000213623047
2025-11-14 20:25:00+00:00,69.00499725341797
2025-11-14 20:26:00+00:00,69.01000213623047
2025-11-14 20:27:00+00:00,69.01000213623047
2025-11-14 20:28:00+00:00,69.01000213623047
2025-11-14 20:29:00+00:00,69.01499938964844
2025-11-14 20:30:00+00:00,69.01000213623047
2025-11-14 20:31:00+00:00,69.01499938964844
2025-11-14 20:32:00+00:00,69.0199966430664
2025-11-14 20:33:00+00:00,69.01499938964844
2025-11-14 20:34:00+00:00,69.01499938964844
2025-11-14 20:35:00+00:00,69.0199966430664
2025-11-14 20:36:00+00:00,69.02999877929688
2025-11-14 20:37:00+00:00,69.0250015258789
2025-11-14 20:38:00+00:00,69.0250015258789
2025-11-14 20:39:00+00:00,69.0199966430664
2025-11-14 20:40:00+00:00,69.02999877929688
2025-11-14 20:41:00+00:00,69.0199966430664
2025-11-14 20:42:00+00:00,69.0250015258789
2025-11-14 20:43:00+00:00,69.0250015258789
2025-11-14 20:44:00+00:00,69.0250015258789
2025-11-14 20:45:00+00:00,69.02320098876953
2025-11-14 20:46:00+00:00,69.0199966430664
2025-11-14 20:47:00+00:00,69.0199966430664
2025-11-14 20:48:00+00:00,69.0199966430664
2025-11-14 20:49:00+00:00,69.00499725341797
2025-11-14 20:50:00+00:00,68.98999786376953
2025-11-14 20:51:00+00:00,68.99500274658203
2025-11-14 20:52:00+00:00,68.98999786376953
2025-11-14 20:53:00+00:00,68.96499633789062
2025-11-14 20:54:00+00:00,68.96499633789062
2025-11-14 20:55:00+00:00,68.97000122070312
2025-11-14 20:56:00+00:00,68.9749984741211
2025-11-14 20:57:00+00:00,68.9749984741211
2025-11-14 20:58:00+00:00,68.98999786376953
2025-11-14 20:59:00+00:00,69.04000091552734
2025-11-17 14:30:00+00:00,68.9800033569336
2025-11-17 14:32:00+00:00,68.93000030517578
2025-11-17 14:33:00+00:00,69.02999877929688
2025-11-17 14:34:00+00:00,69.05000305175781
2025-11-17 14:35:00+00:00,69.02999877929688
2025-11-17 14:36:00+00:00,68.98999786376953
2025-11-17 14:38:00+00:00,69.05000305175781
2025-11-17 14:39:00+00:00,69.04000091552734
2025-11-17 14:40:00+00:00,69.02999877929688
2025-11-17 14:41:00+00:00,69.02999877929688
2025-11-17 14:43:00+00:00,69.0199966430664
2025-11-17 14:44:00+00:00,69.0250015258789
2025-11-17 14:45:00+00:00,69.0250015258789
2025-11-17 14:46:00+00:00,69.0199966430664
2025-11-17 14:47:00+00:00,69.0199966430664
2025-11-17 14:48:00+00:00,69.01000213623047
2025-11-17 14:50:00+00:00,69.0
2025-11-17 14:51:00+00:00,69.01000213623047
2025-11-17 14:52:00+00:00,69.0
2025-11-17 14:53:00+00:00,69.00499725341797
2025-11-17 14:54:00+00:00,69.0199966430664
2025-11-17 14:55:00+00:00,69.0199966430664
2025-11-17 14:56:00+00:00,69.00499725341797
2025-11-17 14:57:00+00:00,69.01000213623047
2025-11-17 14:59:00+00:00,69.00499725341797
2025-11-17 15:00:00+00:00,69.01000213623047
2025-11-17 15:01:00+00:00,69.0
2025-11-17 15:02:00+00:00,69.0
2025-11-17 15:03:00+00:00,68.99500274658203
2025-11-17 15:04:00+00:00,68.98500061035156
2025-11-17 15:05:00+00:00,68.99500274658203
2025-11-17 15:06:00+00:00,69.00499725341797
2025-11-17 15:07:00+00:00,69.0
2025-11-17 15:08:00+00:00,69.0199966430664
2025-11-17 15:09:00+00:00,69.01000213623047
2025-11-17 15:10:00+00:00,69.01499938964844
2025-11-17 15:11:00+00:00,69.00499725341797
2025-11-17 15:12:00+00:00,68.99500274658203
2025-11-17 15:13:00+00:00,69.0
2025-11-17 15:14:00+00:00,69.00499725341797
2025-11-17 15:15:00+00:00,69.0199966430664
2025-11-17 15:16:00+00:00,69.0199966430664
2025-11-17 15:17:00+00:00,69.01499938964844
2025-11-17 15:18:00+00:00,69.01499938964844
2025-11-17 15:19:00+00:00,69.01000213623047
2025-11-17 15:20:00+00:00,69.0
2025-11-17 15:21:00+00:00,69.00499725341797
2025-11-17 15:22:00+00:00,69.0
2025-11-17 15:23:00+00:00,69.01000213623047
2025-11-17 15:24:00+00:00,69.0250015258789
2025-11-17 15:25:00+00:00,69.0199966430664
2025-11-17 15:26:00+00:00,69.02999877929688
2025-11-17 15:27:00+00:00,69.0250015258789
2025-11-17 15:28:00+00:00,69.0250015258789
2025-11-17 15:29:00+00:00,69.0250015258789
2025-11-17 15:30:00+00:00,69.01499938964844
2025-11-17 15:31:00+00:00,69.0199966430664
2025-11-17 15:32:00+00:00,69.02999877929688
2025-11-17 15:33:00+00:00,69.0199966430664
2025-11-17 15:34:00+00:00,69.0199966430664
2025-11-17 15:35:00+00:00,69.01499938964844
2025-11-17 15:36:00+00:00,69.01499938964844
2025-11-17 15:37:00+00:00,69.02999877929688
2025-11-17 15:38:00+00:00,69.0199966430664
2025-11-17 15:39:00+00:00,69.01499938964844
2025-11-17 15:40:00+00:00,69.0
2025-11-17 15:41:00+00:00,69.00499725341797
2025-11-17 15:42:00+00:00,69.01000213623047
2025-11-17 15:43:00+00:00,69.01000213623047
2025-11-17 15:44:00+00:00,69.0199966430664
2025-11-17 15:45:00+00:00,69.01499938964844
2025-11-17 15:46:00+00:00,69.0199966430664
2025-11-17 15:47:00+00:00,69.01499938964844
2025-11-17 15:48:00+00:00,69.0199966430664
2025-11-17 15:49:00+00:00,69.01000213623047
2025-11-17 15:50:00+00:00,69.01000213623047
2025-11-17 15:51:00+00:00,69.0199966430664
2025-11-17 15:52:00+00:00,69.02999877929688
2025-11-17 15:53:00+00:00,69.0250015258789
2025-11-17 15:54:00+00:00,69.02999877929688
2025-11-17 15:55:00+00:00,69.0250015258789
2025-11-17 15:56:00+00:00,69.0199966430664
2025-11-17 15:57:00+00:00,69.01000213623047
2025-11-17 15:58:00+00:00,69.01000213623047
2025-11-17 15:59:00+00:00,69.01000213623047
2025-11-17 16:00:00+00:00,69.0
2025-11-17 16:01:00+00:00,69.0
2025-11-17 16:02:00+00:00,69.0
2025-11-17 16:03:00+00:00,69.00499725341797
2025-11-17 16:04:00+00:00,69.0
2025-11-17 16:05:00+00:00,69.0
2025-11-17 16:06:00+00:00,69.0
2025-11-17 16:07:00+00:00,69.00499725341797
2025-11-17 16:08:00+00:00,69.00499725341797
2025-11-17 16:09:00+00:00,69.0
2025-11-17 16:10:00+00:00,69.0
2025-11-17 16:11:00+00:00,69.00499725341797
2025-11-17 16:12:00+00:00,69.0
2025-11-17 16:13:00+00:00,69.0
2025-11-17 16:14:00+00:00,69.0
2025-11-17 16:15:00+00:00,69.0
2025-11-17 16:16:00+00:00,69.0
2025-11-17 16:17:00+00:00,69.0
2025-11-17 16:18:00+00:00,69.0
2025-11-17 16:19:00+00:00,69.0
2025-11-17 16:20:00+00:00,69.00499725341797
2025-11-17 16:21:00+00:00,69.0
2025-11-17 16:22:00+00:00,69.0
2025-11-17 16:23:00+00:00,69.0
2025-11-17 16:24:00+00:00,69.00499725341797
2025-11-17 16:25:00+00:00,69.01000213623047
2025-11-17 16:26:00+00:00,69.01000213623047
2025-11-17 16:27:00+00:00,69.00499725341797
2025-11-17 16:28:00+00:00,69.01000213623047
2025-11-17 16:29:00+00:00,69.0199966430664
2025-11-17 16:30:00+00:00,69.01000213623047
2025-11-17 16:31:00+00:00,69.0
2025-11-17 16:32:00+00:00,69.00499725341797
2025-11-17 16:33:00+00:00,69.01000213623047
2025-11-17 16:34:00+00:00,69.01000213623047
2025-11-17 16:35:00+00:00,69.01000213623047
2025-11-17 16:36:00+00:00,69.0199966430664
2025-11-17 16:37:00+00:00,69.0199966430664
2025-11-17 16:38:00+00:00,69.01000213623047
2025-11-17 16:39:00+00:00,69.0199966430664
2025-11-17 16:40:00+00:00,69.0199966430664
2025-11-17 16:41:00+00:00,69.01499938964844
2025-11-17 16:42:00+00:00,69.01000213623047
2025-11-17 16:43:00+00:00,69.0199966430664
2025-11-17 16:44:00+00:00,69.01499938964844
2025-11-17 16:45:00+00:00,69.0199966430664
2025-11-17 16:46:00+00:00,69.0199966430664
2025-11-17 16:47:00+00:00,69.01499938964844
2025-11-17 16:48:00+00:00,69.0199966430664
2025-11-17 16:49:00+00:00,69.0199966430664
2025-11-17 16:50:00+00:00,69.0199966430664
2025-11-17 16:51:00+00:00,69.01499938964844
2025-11-17 16:52:00+00:00,69.01499938964844
2025-11-17 16:53:00+00:00,69.0199966430664
2025-11-17 16:54:00+00:00,69.0250015258789
2025-11-17 16:55:00+00:00,69.02999877929688
2025-11-17 16:56:00+00:00,69.0199966430664
2025-11-17 16:57:00+00:00,69.0250015258789
2025-11-17 16:58:00+00:00,69.0250015258789
2025-11-17 16:59:00+00:00,69.0250015258789
2025-11-17 17:00:00+00:00,69.0199966430664
2025-11-17 17:01:00+00:00,69.01499938964844
2025-11-17 17:02:00+00:00,69.02999877929688
2025-11-17 17:04:00+00:00,69.0199966430664
2025-11-17 17:05:00+00:00,69.0199966430664
2025-11-17 17:06:00+00:00,69.0199966430664
2025-11-17 17:07:00+00:00,69.02999877929688
2025-11-17 17:08:00+00:00,69.0250015258789
2025-11-17 17:09:00+00:00,69.0250015258789
2025-11-17 17:10:00+00:00,69.0199966430664
2025-11-17 17:11:00+00:00,69.02999877929688
2025-11-17 17:12:00+00:00,69.0250015258789
2025-11-17 17:13:00+00:00,69.01499938964844
2025-11-17 17:14:00+00:00,69.0199966430664
2025-11-17 17:15:00+00:00,69.01499938964844
2025-11-17 17:16:00+00:00,69.0199966430664
2025-11-17 17:17:00+00:00,69.01499938964844
2025-11-17 17:18:00+00:00,69.0199966430664
2025-11-17 17:19:00+00:00,69.01499938964844
2025-11-17 17:20:00+00:00,69.0250015258789
2025-11-17 17:21:00+00:00,69.02999877929688
2025-11-17 17:22:00+00:00,69.0199966430664
2025-11-17 17:23:00+00:00,69.0199966430664
2025-11-17 17:24:00+00:00,69.0199966430664
2025-11-17 17:25:00+00:00,69.0199966430664
2025-11-17 17:26:00+00:00,69.02999877929688
2025-11-17 17:27:00+00:00,69.0250015258789
2025-11-17 17:28:00+00:00,69.0250015258789
2025-11-17 17:29:00+00:00,69.0250015258789
2025-11-17 17:30:00+00:00,69.0250015258789
2025-11-17 17:31:00+00:00,69.0250015258789
2025-11-17 17:32:00+00:00,69.0199966430664
2025-11-17 17:33:00+00:00,69.0199966430664
2025-11-17 17:34:00+00:00,69.0199966430664
2025-11-17 17:35:00+00:00,69.0250015258789
2025-11-17 17:36:00+00:00,69.0199966430664
2025-11-17 17:37:00+00:00,69.0199966430664
2025-11-17 17:38:00+00:00,69.0199966430664
2025-11-17 17:39:00+00:00,69.0250015258789
2025-11-17 17:40:00+00:00,69.0199966430664
2025-11-17 17:41:00+00:00,69.0199966430664
2025-11-17 17:42:00+00:00,69.0250015258789
2025-11-17 17:43:00+00:00,69.0250015258789
2025-11-17 17:44:00+00:00,69.0199966430664
2025-11-17 17:45:00+00:00,69.01499938964844
2025-11-17 17:46:00+00:00,69.01499938964844
2025-11-17 17:47:00+00:00,69.01499938964844
2025-11-17 17:48:00+00:00,69.01499938964844
2025-11-17 17:49:00+00:00,69.0199966430664
2025-11-17 17:50:00+00:00,69.0250015258789
2025-11-17 17:51:00+00:00,69.0199966430664
2025-11-17 17:52:00+00:00,69.01499938964844
2025-11-17 17:53:00+00:00,69.01499938964844
2025-11-17 17:54:00+00:00,69.01499938964844
2025-11-17 17:55:00+00:00,69.0199966430664
2025-11-17 17:56:00+00:00,69.0199966430664
2025-11-17 17:57:00+00:00,69.01499938964844
2025-11-17 17:58:00+00:00,69.01499938964844
2025-11-17 17:59:00+00:00,69.01499938964844
2025-11-17 18:00:00+00:00,69.01499938964844
2025-11-17 18:01:00+00:00,69.01499938964844
2025-11-17 18:02:00+00:00,69.01499938964844
2025-11-17 18:03:00+00:00,69.01499938964844
2025-11-17 18:04:00+00:00,69.01499938964844
2025-11-17 18:05:00+00:00,69.01499938964844
2025-11-17 18:06:00+00:00,69.01499938964844
2025-11-17 18:07:00+00:00,69.01499938964844
2025-11-17 18:08:00+00:00,69.01499938964844
2025-11-17 18:09:00+00:00,69.0199966430664
2025-11-17 18:10:00+00:00,69.01499938964844
2025-11-17 18:11:00+00:00,69.01499938964844
2025-11-17 18:12:00+00:00,69.01499938964844
2025-11-17 18:13:00+00:00,69.0199966430664
2025-11-17 18:14:00+00:00,69.01499938964844
2025-11-17 18:15:00+00:00,69.01000213623047
2025-11-17 18:16:00+00:00,69.01499938964844
2025-11-17 18:17:00+00:00,69.01000213623047
2025-11-17 18:18:00+00:00,69.01000213623047
2025-11-17 18:19:00+00:00,69.01499938964844
2025-11-17 18:20:00+00:00,69.01499938964844
2025-11-17 18:21:00+00:00,69.0199966430664
2025-11-17 18:22:00+00:00,69.01000213623047
2025-11-17 18:23:00+00:00,69.00499725341797
2025-11-17 18:24:00+00:00,69.00499725341797
2025-11-17 18:25:00+00:00,69.00499725341797
2025-11-17 18:26:00+00:00,69.01000213623047
2025-11-17 18:27:00+00:00,69.00499725341797
2025-11-17 18:28:00+00:00,69.00499725341797
2025-11-17 18:29:00+00:00,69.00499725341797
2025-11-17 18:30:00+00:00,69.00499725341797
2025-11-17 18:31:00+00:00,69.00499725341797
2025-11-17 18:32:00+00:00,69.00499725341797
2025-11-17 18:33:00+00:00,69.01000213623047
2025-11-17 18:34:00+00:00,69.01000213623047
2025-11-17 18:35:00+00:00,69.00499725341797
2025-11-17 18:36:00+00:00,69.0
2025-11-17 18:37:00+00:00,69.00499725341797
2025-11-17 18:38:00+00:00,69.0
2025-11-17 18:39:00+00:00,69.00499725341797
2025-11-17 18:40:00+00:00,69.0
2025-11-17 18:41:00+00:00,69.00499725341797
2025-11-17 18:42:00+00:00,69.0
2025-11-17 18:43:00+00:00,69.00499725341797
2025-11-17 18:44:00+00:00,69.0
2025-11-17 18:45:00+00:00,69.0
2025-11-17 18:46:00+00:00,69.01000213623047
2025-11-17 18:47:00+00:00,69.00499725341797
2025-11-17 18:48:00+00:00,69.00499725341797
2025-11-17 18:49:00+00:00,69.00499725341797
2025-11-17 18:50:00+00:00,69.00499725341797
2025-11-17 18:51:00+00:00,69.0
2025-11-17 18:52:00+00:00,69.0
2025-11-17 18:53:00+00:00,69.0
2025-11-17 18:54:00+00:00,69.0
2025-11-17 18:55:00+00:00,69.0
2025-11-17 18:56:00+00:00,69.01000213623047
2025-11-17 18:57:00+00:00,69.0
2025-11-17 18:58:00+00:00,69.00499725341797
2025-11-17 18:59:00+00:00,69.0
2025-11-17 19:00:00+00:00,69.00499725341797
2025-11-17 19:01:00+00:00,69.00499725341797
2025-11-17 19:02:00+00:00,69.0
2025-11-17 19:03:00+00:00,69.0
2025-11-17 19:04:00+00:00,69.00499725341797
2025-11-17 19:05:00+00:00,69.0
2025-11-17 19:06:00+00:00,69.0
2025-11-17 19:07:00+00:00,69.01000213623047
2025-11-17 19:08:00+00:00,69.0
2025-11-17 19:09:00+00:00,69.0
2025-11-17 19:10:00+00:00,69.0
2025-11-17 19:11:00+00:00,69.01000213623047
2025-11-17 19:12:00+00:00,69.0
2025-11-17 19:13:00+00:00,69.0
2025-11-17 19:14:00+00:00,69.0
2025-11-17 19:15:00+00:00,69.0
2025-11-17 19:16:00+00:00,68.99500274658203
2025-11-17 19:17:00+00:00,69.0
2025-11-17 19:18:00+00:00,68.99500274658203
2025-11-17 19:19:00+00:00,68.9749984741211
2025-11-17 19:20:00+00:00,68.94999694824219
2025-11-17 19:21:00+00:00,68.96499633789062
2025-11-17 19:22:00+00:00,68.97000122070312
2025-11-17 19:23:00+00:00,68.96499633789062
2025-11-17 19:24:00+00:00,68.97000122070312
2025-11-17 19:25:00+00:00,68.98999786376953
2025-11-17 19:26:00+00:00,68.98999786376953
2025-11-17 19:27:00+00:00,69.0
2025-11-17 19:28:00+00:00,69.0
2025-11-17 19:29:00+00:00,69.0
2025-11-17 19:30:00+00:00,69.0
2025-11-17 19:31:00+00:00,68.97000122070312
2025-11-17 19:32:00+00:00,68.96499633789062
2025-11-17 19:33:00+00:00,68.95999908447266
2025-11-17 19:34:00+00:00,68.95500183105469
2025-11-17 19:35:00+00:00,68.94999694824219
2025-11-17 19:36:00+00:00,68.94999694824219
2025-11-17 19:37:00+00:00,68.95500183105469
2025-11-17 19:38:00+00:00,68.90499877929688
2025-11-17 19:39:00+00:00,68.88999938964844
2025-11-17 19:40:00+00:00,68.86499786376953
2025-11-17 19:41:00+00:00,68.87000274658203
2025-11-17 19:42:00+00:00,68.86499786376953
2025-11-17 19:43:00+00:00,68.88500213623047
2025-11-17 19:44:00+00:00,68.87999725341797
2025-11-17 19:45:00+00:00,68.875
2025-11-17 19:46:00+00:00,68.87000274658203
2025-11-17 19:47:00+00:00,68.87000274658203
2025-11-17 19:48:00+00:00,68.87999725341797
2025-11-17 19:49:00+00:00,68.87000274658203
2025-11-17 19:50:00+00:00,68.86499786376953
2025-11-17 19:51:00+00:00,68.86499786376953
2025-11-17 19:52:00+00:00,68.87000274658203
2025-11-17 19:53:00+00:00,68.86499786376953
2025-11-17 19:54:00+00:00,68.86499786376953
2025-11-17 19:55:00+00:00,68.86499786376953
2025-11-17 19:56:00+00:00,68.91000366210938
2025-11-17 19:57:00+00:00,68.88999938964844
2025-11-17 19:58:00+00:00,68.88999938964844
2025-11-17 19:59:00+00:00,68.875
2025-11-17 20:00:00+00:00,68.83999633789062
2025-11-17 20:01:00+00:00,68.8499984741211
2025-11-17 20:02:00+00:00,68.86000061035156
2025-11-17 20:03:00+00:00,68.86000061035156
2025-11-17 20:04:00+00:00,68.87999725341797
2025-11-17 20:05:00+00:00,68.875
2025-11-17 20:06:00+00:00,68.875
2025-11-17 20:07:00+00:00,68.88999938964844
2025-11-17 20:08:00+00:00,68.88999938964844
2025-11-17 20:09:00+00:00,68.87000274658203
2025-11-17 20:10:00+00:00,68.87000274658203
2025-11-17 20:11:00+00:00,68.86499786376953
2025-11-17 20:12:00+00:00,68.84500122070312
2025-11-17 20:13:00+00:00,68.84500122070312
2025-11-17 20:14:00+00:00,68.84500122070312
2025-11-17 20:15:00+00:00,68.8499984741211
2025-11-17 20:16:00+00:00,68.86000061035156
2025-11-17 20:17:00+00:00,68.86499786376953
2025-11-17 20:18:00+00:00,68.86000061035156
2025-11-17 20:19:00+00:00,68.8499984741211
2025-11-17 20:20:00+00:00,68.83999633789062
2025-11-17 20:21:00+00:00,68.84500122070312
2025-11-17 20:22:00+00:00,68.86000061035156
2025-11-17 20:23:00+00:00,68.87000274658203
2025-11-17 20:24:00+00:00,68.87000274658203
2025-11-17 20:26:00+00:00,68.86000061035156
2025-11-17 20:27:00+00:00,68.8499984741211
2025-11-17 20:28:00+00:00,68.8499984741211
2025-11-17 20:29:00+00:00,68.8499984741211
2025-11-17 20:30:00+00:00,68.8499984741211
2025-11-17 20:31:00+00:00,68.8499984741211
2025-11-17 20:32:00+00:00,68.8499984741211
2025-11-17 20:33:00+00:00,68.83999633789062
2025-11-17 20:34:00+00:00,68.83999633789062
2025-11-17 20:35:00+00:00,68.81500244140625
2025-11-17 20:36:00+00:00,68.81999969482422
2025-11-17 20:37:00+00:00,68.81999969482422
2025-11-17 20:38:00+00:00,68.83999633789062
2025-11-17 20:39:00+00:00,68.83499908447266
2025-11-17 20:40:00+00:00,68.83499908447266
2025-11-17 20:41:00+00:00,68.83999633789062
2025-11-17 20:42:00+00:00,68.84500122070312
2025-11-17 20:43:00+00:00,68.8499984741211
2025-11-17 20:44:00+00:00,68.87000274658203
2025-11-17 20:45:00+00:00,68.86000061035156
2025-11-17 20:46:00+00:00,68.86000061035156
2025-11-17 20:47:00+00:00,68.86000061035156
2025-11-17 20:48:00+00:00,68.9000015258789
2025-11-17 20:49:00+00:00,68.90499877929688
2025-11-17 20:50:00+00:00,68.9000015258789
2025-11-17 20:51:00+00:00,68.88500213623047
2025-11-17 20:52:00+00:00,68.88999938964844
2025-11-17 20:53:00+00:00,68.88500213623047
2025-11-17 20:54:00+00:00,68.88500213623047
2025-11-17 20:55:00+00:00,68.88500213623047
2025-11-17 20:56:00+00:00,68.9000015258789
2025-11-17 20:57:00+00:00,68.89099884033203
2025-11-17 20:58:00+00:00,68.84500122070312
2025-11-17 20:59:00+00:00,68.83000183105469
2025-11-18 14:30:00+00:00,68.86000061035156
2025-11-18 14:31:00+00:00,68.83000183105469
2025-11-18 14:32:00+00:00,68.8499984741211
2025-11-18 14:33:00+00:00,68.8499984741211
2025-11-18 14:34:00+00:00,68.86000061035156
2025-11-18 14:35:00+00:00,68.87000274658203
2025-11-18 14:36:00+00:00,68.87000274658203
2025-11-18 14:37:00+00:00,68.88999938964844
2025-11-18 14:38:00+00:00,68.91999816894531
2025-11-18 14:39:00+00:00,68.9000015258789
2025-11-18 14:40:00+00:00,68.91500091552734
2025-11-18 14:41:00+00:00,68.91000366210938
2025-11-18 14:42:00+00:00,68.91999816894531
2025-11-18 14:43:00+00:00,68.91999816894531
2025-11-18 14:44:00+00:00,68.93000030517578
2025-11-18 14:45:00+00:00,68.94000244140625
2025-11-18 14:46:00+00:00,68.95500183105469
2025-11-18 14:47:00+00:00,68.92500305175781
2025-11-18 14:48:00+00:00,68.91999816894531
2025-11-18 14:49:00+00:00,68.91500091552734
2025-11-18 14:50:00+00:00,68.91999816894531
2025-11-18 14:51:00+00:00,68.91000366210938
2025-11-18 14:52:00+00:00,68.90499877929688
2025-11-18 14:53:00+00:00,68.91999816894531
2025-11-18 14:54:00+00:00,68.91999816894531
2025-11-18 14:55:00+00:00,68.90499877929688
2025-11-18 14:56:00+00:00,68.90499877929688
2025-11-18 14:57:00+00:00,68.91500091552734
2025-11-18 14:58:00+00:00,68.91000366210938
2025-11-18 14:59:00+00:00,68.9000015258789
2025-11-18 15:00:00+00:00,68.9000015258789
2025-11-18 15:01:00+00:00,68.91000366210938
2025-11-18 15:02:00+00:00,68.90499877929688
2025-11-18 15:03:00+00:00,68.9000015258789
2025-11-18 15:04:00+00:00,68.90370178222656
2025-11-18 15:05:00+00:00,68.9000015258789
2025-11-18 15:06:00+00:00,68.90499877929688
2025-11-18 15:07:00+00:00,68.91000366210938
2025-11-18 15:08:00+00:00,68.91000366210938
2025-11-18 15:09:00+00:00,68.91000366210938
2025-11-18 15:10:00+00:00,68.9198989868164
2025-11-18 15:11:00+00:00,68.91500091552734
2025-11-18 15:12:00+00:00,68.92500305175781
2025-11-18 15:13:00+00:00,68.91999816894531
2025-11-18 15:14:00+00:00,68.90499877929688
2025-11-18 15:15:00+00:00,68.93000030517578
2025-11-18 15:16:00+00:00,68.92500305175781
2025-11-18 15:17:00+00:00,68.93000030517578
2025-11-18 15:18:00+00:00,68.93000030517578
2025-11-18 15:19:00+00:00,68.93000030517578
2025-11-18 15:20:00+00:00,68.93000030517578
2025-11-18 15:21:00+00:00,68.93000030517578
2025-11-18 15:22:00+00:00,68.92500305175781
2025-11-18 15:23:00+00:00,68.94000244140625
2025-11-18 15:24:00+00:00,68.92500305175781
2025-11-18 15:25:00+00:00,68.93499755859375
2025-11-18 15:26:00+00:00,68.91999816894531
2025-11-18 15:27:00+00:00,68.93000030517578
2025-11-18 15:28:00+00:00,68.93000030517578
2025-11-18 15:29:00+00:00,68.91999816894531
2025-11-18 15:30:00+00:00,68.91999816894531
2025-11-18 15:31:00+00:00,68.9000015258789
2025-11-18 15:32:00+00:00,68.94000244140625
2025-11-18 15:33:00+00:00,68.94000244140625
2025-11-18 15:34:00+00:00,68.93000030517578
2025-11-18 15:35:00+00:00,68.91000366210938
2025-11-18 15:36:00+00:00,68.90499877929688
2025-11-18 15:37:00+00:00,68.90499877929688
2025-11-18 15:38:00+00:00,68.91000366210938
2025-11-18 15:39:00+00:00,68.91000366210938
2025-11-18 15:40:00+00:00,68.91000366210938
2025-11-18 15:41:00+00:00,68.91000366210938
2025-11-18 15:42:00+00:00,68.90499877929688
2025-11-18 15:43:00+00:00,68.9000015258789
2025-11-18 15:44:00+00:00,68.90499877929688
2025-11-18 15:45:00+00:00,68.90499877929688
2025-11-18 15:46:00+00:00,68.90499877929688
2025-11-18 15:47:00+00:00,68.90499877929688
2025-11-18 15:48:00+00:00,68.90499877929688
2025-11-18 15:49:00+00:00,68.90499877929688
2025-11-18 15:50:00+00:00,68.90499877929688
2025-11-18 15:51:00+00:00,68.91000366210938
2025-11-18 15:52:00+00:00,68.9000015258789
2025-11-18 15:53:00+00:00,68.90499877929688
2025-11-18 15:54:00+00:00,68.90499877929688
2025-11-18 15:55:00+00:00,68.91000366210938
2025-11-18 15:56:00+00:00,68.91000366210938
2025-11-18 15:57:00+00:00,68.90499877929688
2025-11-18 15:58:00+00:00,68.90499877929688
2025-11-18 15:59:00+00:00,68.90499877929688
2025-11-18 16:00:00+00:00,68.90499877929688
2025-11-18 16:01:00+00:00,68.9000015258789
2025-11-18 16:02:00+00:00,68.9000015258789
2025-11-18 16:03:00+00:00,68.91000366210938
2025-11-18 16:04:00+00:00,68.91000366210938
2025-11-18 16:05:00+00:00,68.90499877929688
2025-11-18 16:06:00+00:00,68.90499877929688
2025-11-18 16:07:00+00:00,68.91999816894531
2025-11-18 16:08:00+00:00,68.93000030517578
2025-11-18 16:09:00+00:00,68.93499755859375
2025-11-18 16:10:00+00:00,68.94000244140625
2025-11-18 16:11:00+00:00,68.94000244140625
2025-11-18 16:12:00+00:00,68.93000030517578
2025-11-18 16:13:00+00:00,68.94000244140625
2025-11-18 16:14:00+00:00,68.94000244140625
2025-11-18 16:15:00+00:00,68.94000244140625
2025-11-18 16:16:00+00:00,68.93499755859375
2025-11-18 16:17:00+00:00,68.93000030517578
2025-11-18 16:18:00+00:00,68.93000030517578
2025-11-18 16:19:00+00:00,68.93000030517578
2025-11-18 16:20:00+00:00,68.94000244140625
2025-11-18 16:21:00+00:00,68.94000244140625
2025-11-18 16:22:00+00:00,68.94000244140625
2025-11-18 16:23:00+00:00,68.94999694824219
2025-11-18 16:24:00+00:00,68.94999694824219
2025-11-18 16:25:00+00:00,68.94999694824219
2025-11-18 16:26:00+00:00,68.94000244140625
2025-11-18 16:27:00+00:00,68.94999694824219
2025-11-18 16:28:00+00:00,68.94999694824219
2025-11-18 16:29:00+00:00,68.94999694824219
2025-11-18 16:30:00+00:00,68.94499969482422
2025-11-18 16:31:00+00:00,68.93499755859375
2025-11-18 16:32:00+00:00,68.91999816894531
2025-11-18 16:33:00+00:00,68.93000030517578
2025-11-18 16:34:00+00:00,68.91999816894531
2025-11-18 16:35:00+00:00,68.92500305175781
2025-11-18 16:36:00+00:00,68.93000030517578
2025-11-18 16:38:00+00:00,68.92500305175781
2025-11-18 16:39:00+00:00,68.91999816894531
2025-11-18 16:40:00+00:00,68.91999816894531
2025-11-18 16:41:00+00:00,68.91500091552734
2025-11-18 16:42:00+00:00,68.91999816894531
2025-11-18 16:43:00+00:00,68.91500091552734
2025-11-18 16:44:00+00:00,68.91000366210938
2025-11-18 16:45:00+00:00,68.91999816894531
2025-11-18 16:46:00+00:00,68.93000030517578
2025-11-18 16:47:00+00:00,68.93000030517578
2025-11-18 16:48:00+00:00,68.94999694824219
2025-11-18 16:49:00+00:00,68.94000244140625
2025-11-18 16:50:00+00:00,68.94000244140625
2025-11-18 16:51:00+00:00,68.94000244140625
2025-11-18 16:52:00+00:00,68.94000244140625
2025-11-18 16:53:00+00:00,68.94499969482422
2025-11-18 16:54:00+00:00,68.94499969482422
2025-11-18 16:55:00+00:00,68.95500183105469
2025-11-18 16:56:00+00:00,68.91999816894531
2025-11-18 16:57:00+00:00,68.92500305175781
2025-11-18 16:58:00+00:00,68.91500091552734
2025-11-18 16:59:00+00:00,68.90499877929688
2025-11-18 17:00:00+00:00,68.91500091552734
2025-11-18 17:01:00+00:00,68.90499877929688
2025-11-18 17:02:00+00:00,68.90499877929688
2025-11-18 17:03:00+00:00,68.9000015258789
2025-11-18 17:04:00+00:00,68.90499877929688
2025-11-18 17:05:00+00:00,68.90499877929688
2025-11-18 17:06:00+00:00,68.9000015258789
2025-11-18 17:07:00+00:00,68.90499877929688
2025-11-18 17:08:00+00:00,68.90499877929688
2025-11-18 17:09:00+00:00,68.90499877929688
2025-11-18 17:10:00+00:00,68.91000366210938
2025-11-18 17:11:00+00:00,68.9000015258789
2025-11-18 17:12:00+00:00,68.91000366210938
2025-11-18 17:14:00+00:00,68.91000366210938
2025-11-18 17:15:00+00:00,68.91000366210938
2025-11-18 17:16:00+00:00,68.91000366210938
2025-11-18 17:17:00+00:00,68.90499877929688
2025-11-18 17:18:00+00:00,68.91000366210938
2025-11-18 17:19:00+00:00,68.91500091552734
2025-11-18 17:20:00+00:00,68.91999816894531
2025-11-18 17:21:00+00:00,68.91000366210938
2025-11-18 17:22:00+00:00,68.90499877929688
2025-11-18 17:23:00+00:00,68.9000015258789
2025-11-18 17:24:00+00:00,68.9000015258789
2025-11-18 17:25:00+00:00,68.9000015258789
2025-11-18 17:26:00+00:00,68.90499877929688
2025-11-18 17:27:00+00:00,68.91000366210938
2025-11-18 17:28:00+00:00,68.90499877929688
2025-11-18 17:29:00+00:00,68.91000366210938
2025-11-18 17:30:00+00:00,68.91000366210938
2025-11-18 17:31:00+00:00,68.9000015258789
2025-11-18 17:32:00+00:00,68.90499877929688
2025-11-18 17:33:00+00:00,68.9000015258789
2025-11-18 17:34:00+00:00,68.91000366210938
2025-11-18 17:35:00+00:00,68.9000015258789
2025-11-18 17:36:00+00:00,68.9000015258789
2025-11-18 17:37:00+00:00,68.91000366210938
2025-11-18 17:38:00+00:00,68.91000366210938
2025-11-18 17:40:00+00:00,68.91999816894531
2025-11-18 17:41:00+00:00,68.91999816894531
2025-11-18 17:42:00+00:00,68.94999694824219
2025-11-18 17:43:00+00:00,68.94000244140625
2025-11-18 17:44:00+00:00,68.94499969482422
2025-11-18 17:45:00+00:00,68.94000244140625
2025-11-18 17:46:00+00:00,68.94000244140625
2025-11-18 17:47:00+00:00,68.93000030517578
2025-11-18 17:49:00+00:00,68.93000030517578
2025-11-18 17:50:00+00:00,68.93000030517578
2025-11-18 17:51:00+00:00,68.91999816894531
2025-11-18 17:52:00+00:00,68.93000030517578
2025-11-18 17:53:00+00:00,68.93000030517578
2025-11-18 17:54:00+00:00,68.93000030517578
2025-11-18 17:55:00+00:00,68.94000244140625
2025-11-18 17:56:00+00:00,68.94000244140625
2025-11-18 17:57:00+00:00,68.93499755859375
2025-11-18 17:58:00+00:00,68.93000030517578
2025-11-18 17:59:00+00:00,68.93000030517578
2025-11-18 18:00:00+00:00,68.93000030517578
2025-11-18 18:01:00+00:00,68.93499755859375
2025-11-18 18:02:00+00:00,68.94000244140625
2025-11-18 18:03:00+00:00,68.93499755859375
2025-11-18 18:05:00+00:00,68.94000244140625
2025-11-18 18:06:00+00:00,68.94000244140625
2025-11-18 18:07:00+00:00,68.93000030517578
2025-11-18 18:08:00+00:00,68.93000030517578
2025-11-18 18:09:00+00:00,68.93450164794922
2025-11-18 18:10:00+00:00,68.93499755859375
2025-11-18 18:11:00+00:00,68.94000244140625
2025-11-18 18:12:00+00:00,68.93370056152344
2025-11-18 18:13:00+00:00,68.91999816894531
2025-11-18 18:14:00+00:00,68.91999816894531
2025-11-18 18:15:00+00:00,68.93000030517578
2025-11-18 18:16:00+00:00,68.92500305175781
2025-11-18 18:17:00+00:00,68.92549896240234
2025-11-18 18:18:00+00:00,68.93000030517578
2025-11-18 18:19:00+00:00,68.93000030517578
2025-11-18 18:20:00+00:00,68.92500305175781
2025-11-18 18:21:00+00:00,68.93000030517578
2025-11-18 18:22:00+00:00,68.93000030517578
2025-11-18 18:23:00+00:00,68.94000244140625
2025-11-18 18:24:00+00:00,68.94000244140625
2025-11-18 18:25:00+00:00,68.94999694824219
2025-11-18 18:26:00+00:00,68.95500183105469
2025-11-18 18:27:00+00:00,68.95999908447266
2025-11-18 18:28:00+00:00,68.95500183105469
2025-11-18 18:29:00+00:00,68.94999694824219
2025-11-18 18:30:00+00:00,68.94499969482422
2025-11-18 18:31:00+00:00,68.94499969482422
2025-11-18 18:32:00+00:00,68.94999694824219
2025-11-18 18:33:00+00:00,68.94000244140625
2025-11-18 18:34:00+00:00,68.94000244140625
2025-11-18 18:35:00+00:00,68.94509887695312
2025-11-18 18:36:00+00:00,68.94000244140625
2025-11-18 18:37:00+00:00,68.94000244140625
2025-11-18 18:38:00+00:00,68.94989776611328
2025-11-18 18:39:00+00:00,68.94999694824219
2025-11-18 18:40:00+00:00,68.96499633789062
2025-11-18 18:41:00+00:00,68.95999908447266
2025-11-18 18:42:00+00:00,68.94999694824219
2025-11-18 18:43:00+00:00,68.94999694824219
2025-11-18 18:44:00+00:00,68.94999694824219
2025-11-18 18:45:00+00:00,68.94999694824219
2025-11-18 18:46:00+00:00,68.95500183105469
2025-11-18 18:47:00+00:00,68.95500183105469
2025-11-18 18:48:00+00:00,68.94999694824219
2025-11-18 18:49:00+00:00,68.95500183105469
2025-11-18 18:50:00+00:00,68.9800033569336
2025-11-18 18:51:00+00:00,68.9800033569336
2025-11-18 18:52:00+00:00,68.98999786376953
2025-11-18 18:53:00+00:00,68.98500061035156
2025-11-18 18:54:00+00:00,68.9800033569336
2025-11-18 18:55:00+00:00,68.97000122070312
2025-11-18 18:56:00+00:00,68.97000122070312
2025-11-18 18:57:00+00:00,68.97000122070312
2025-11-18 18:58:00+00:00,68.9749984741211
2025-11-18 18:59:00+00:00,68.9800033569336
2025-11-18 19:00:00+00:00,68.98500061035156
2025-11-18 19:01:00+00:00,68.9800033569336
2025-11-18 19:02:00+00:00,68.99500274658203
2025-11-18 19:03:00+00:00,68.98999786376953
2025-11-18 19:04:00+00:00,68.98500061035156
2025-11-18 19:05:00+00:00,68.98999786376953
2025-11-18 19:07:00+00:00,68.98500061035156
2025-11-18 19:08:00+00:00,68.98500061035156
2025-11-18 19:09:00+00:00,68.98500061035156
2025-11-18 19:10:00+00:00,68.98999786376953
2025-11-18 19:11:00+00:00,68.98500061035156
2025-11-18 19:12:00+00:00,68.9800033569336
2025-11-18 19:13:00+00:00,68.9800033569336
2025-11-18 19:14:00+00:00,68.98999786376953
2025-11-18 19:15:00+00:00,68.9800033569336
2025-11-18 19:16:00+00:00,68.9800033569336
2025-11-18 19:17:00+00:00,68.9800033569336
2025-11-18 19:18:00+00:00,68.9749984741211
2025-11-18 19:19:00+00:00,68.98500061035156
2025-11-18 19:20:00+00:00,68.9800033569336
2025-11-18 19:22:00+00:00,68.9800033569336
2025-11-18 19:23:00+00:00,68.97000122070312
2025-11-18 19:24:00+00:00,68.9800033569336
2025-11-18 19:25:00+00:00,68.98999786376953
2025-11-18 19:26:00+00:00,68.98500061035156
2025-11-18 19:27:00+00:00,68.98500061035156
2025-11-18 19:28:00+00:00,68.9800033569336
2025-11-18 19:29:00+00:00,68.98999786376953
2025-11-18 19:30:00+00:00,68.98999786376953
2025-11-18 19:31:00+00:00,68.98999786376953
2025-11-18 19:32:00+00:00,68.98999786376953
2025-11-18 19:33:00+00:00,68.98999786376953
2025-11-18 19:34:00+00:00,68.98999786376953
2025-11-18 19:35:00+00:00,69.0
2025-11-18 19:36:00+00:00,69.0
2025-11-18 19:37:00+00:00,69.0199966430664
2025-11-18 19:38:00+00:00,69.0
2025-11-18 19:39:00+00:00,69.0
2025-11-18 19:40:00+00:00,69.0
2025-11-18 19:41:00+00:00,69.0
2025-11-18 19:42:00+00:00,69.00199890136719
2025-11-18 19:43:00+00:00,69.01000213623047
2025-11-18 19:44:00+00:00,69.0
2025-11-18 19:45:00+00:00,69.01000213623047
2025-11-18 19:46:00+00:00,69.0
2025-11-18 19:47:00+00:00,69.01000213623047
2025-11-18 19:48:00+00:00,69.00499725341797
2025-11-18 19:49:00+00:00,69.0
2025-11-18 19:50:00+00:00,69.0
2025-11-18 19:51:00+00:00,69.0
2025-11-18 19:52:00+00:00,68.98999786376953
2025-11-18 19:53:00+00:00,68.98999786376953
2025-11-18 19:54:00+00:00,68.98999786376953
2025-11-18 19:55:00+00:00,69.0
2025-11-18 19:56:00+00:00,68.99500274658203
2025-11-18 19:57:00+00:00,68.99500274658203
2025-11-18 19:58:00+00:00,69.0
2025-11-18 19:59:00+00:00,69.0
2025-11-18 20:00:00+00:00,69.01000213623047
2025-11-18 20:01:00+00:00,69.01000213623047
2025-11-18 20:02:00+00:00,69.01000213623047
2025-11-18 20:03:00+00:00,69.0
2025-11-18 20:04:00+00:00,69.0
2025-11-18 20:05:00+00:00,69.0
2025-11-18 20:06:00+00:00,69.0
2025-11-18 20:07:00+00:00,68.99500274658203
2025-11-18 20:08:00+00:00,68.98999786376953
2025-11-18 20:09:00+00:00,69.0
2025-11-18 20:10:00+00:00,69.0
2025-11-18 20:11:00+00:00,68.98999786376953
2025-11-18 20:12:00+00:00,68.98999786376953
2025-11-18 20:13:00+00:00,68.99500274658203
2025-11-18 20:14:00+00:00,69.0
2025-11-18 20:15:00+00:00,69.0
2025-11-18 20:16:00+00:00,68.98999786376953
2025-11-18 20:18:00+00:00,69.0
2025-11-18 20:19:00+00:00,69.0
2025-11-18 20:20:00+00:00,69.0
2025-11-18 20:21:00+00:00,68.99500274658203
2025-11-18 20:22:00+00:00,68.98999786376953
2025-11-18 20:24:00+00:00,68.99199676513672
2025-11-18 20:25:00+00:00,68.98999786376953
2025-11-18 20:26:00+00:00,68.98999786376953
2025-11-18 20:27:00+00:00,68.98999786376953
2025-11-18 20:28:00+00:00,69.0
2025-11-18 20:29:00+00:00,68.98500061035156
2025-11-18 20:30:00+00:00,68.98999786376953
2025-11-18 20:31:00+00:00,68.98500061035156
2025-11-18 20:32:00+00:00,68.9800033569336
2025-11-18 20:33:00+00:00,69.0
2025-11-18 20:34:00+00:00,69.0
2025-11-18 20:35:00+00:00,69.0
2025-11-18 20:36:00+00:00,68.99500274658203
2025-11-18 20:37:00+00:00,68.99500274658203
2025-11-18 20:38:00+00:00,68.99500274658203
2025-11-18 20:39:00+00:00,69.0
2025-11-18 20:40:00+00:00,68.99500274658203
2025-11-18 20:41:00+00:00,69.0
2025-11-18 20:42:00+00:00,69.0
2025-11-18 20:43:00+00:00,68.99150085449219
2025-11-18 20:45:00+00:00,68.98999786376953
2025-11-18 20:46:00+00:00,68.98999786376953
2025-11-18 20:47:00+00:00,69.0
2025-11-18 20:48:00+00:00,68.99500274658203
2025-11-18 20:49:00+00:00,68.98999786376953
2025-11-18 20:50:00+00:00,68.99500274658203
2025-11-18 20:51:00+00:00,69.0
2025-11-18 20:52:00+00:00,69.0
2025-11-18 20:53:00+00:00,68.99500274658203
2025-11-18 20:54:00+00:00,69.0
2025-11-18 20:55:00+00:00,69.0
2025-11-18 20:56:00+00:00,69.0
2025-11-18 20:57:00+00:00,69.0
2025-11-18 20:58:00+00:00,69.0
2025-11-18 20:59:00+00:00,68.9800033569336
